"","port_site","RptArea","Freq"
"1","ADAK","AFOGNAK",0
"2","AFOGNAK","AFOGNAK",20
"3","AMOOK PASS","AFOGNAK",0
"4","ANCHOR POINT","AFOGNAK",1
"5","ANCHOR RIVER","AFOGNAK",3
"6","ANGOON","AFOGNAK",0
"7","ANTON LARSEN BAY","AFOGNAK",0
"8","APPLE ISLAND","AFOGNAK",0
"9","AUKE BAY","AFOGNAK",0
"10","BABE ISLANDS LODGE","AFOGNAK",0
"11","BARANOF","AFOGNAK",0
"12","BARTLETT COVE","AFOGNAK",0
"13","CANNERY COVE","AFOGNAK",0
"14","CEDARS LODGE","AFOGNAK",0
"15","CLOVER BAY","AFOGNAK",0
"16","CLOVER PASS","AFOGNAK",0
"17","COFFMAN COVE","AFOGNAK",0
"18","CORDOVA","AFOGNAK",0
"19","CRAIG","AFOGNAK",0
"20","DEEP CREEK","AFOGNAK",0
"21","DOUGLAS","AFOGNAK",0
"22","DOVE ISLAND LODGE","AFOGNAK",0
"23","EL CAPITAN LODGE","AFOGNAK",0
"24","ELFIN COVE","AFOGNAK",0
"25","FIREWEED LODGE","AFOGNAK",0
"26","FISHERMANS BEND","AFOGNAK",0
"27","GULL COVE","AFOGNAK",0
"28","GUSTAVUS","AFOGNAK",0
"29","HAINES","AFOGNAK",0
"30","HALIBUT COVE","AFOGNAK",0
"31","HAPPY VALLEY","AFOGNAK",0
"32","HOMER","AFOGNAK",143
"33","HOONAH","AFOGNAK",0
"34","ICY BAY LODGE","AFOGNAK",0
"35","IRON CREEK","AFOGNAK",134
"36","JUNEAU","AFOGNAK",0
"37","KAKE","AFOGNAK",0
"38","KELP BAY","AFOGNAK",0
"39","KETCHIKAN","AFOGNAK",0
"40","KHAZ BAY","AFOGNAK",0
"41","KILIUDA BAY","AFOGNAK",0
"42","KILLISNOO","AFOGNAK",0
"43","KLAWOCK","AFOGNAK",0
"44","KNUDSON COVE","AFOGNAK",0
"45","KODIAK","AFOGNAK",154
"46","LARSEN BAY","AFOGNAK",0
"47","LOWELL POINT","AFOGNAK",0
"48","MEYERS CHUCK","AFOGNAK",0
"49","MORNE ISLAND","AFOGNAK",0
"50","MOTHER SHIP","AFOGNAK",0
"51","MOTHERSHIP","AFOGNAK",0
"52","MOTHERSHIP- LISERON","AFOGNAK",0
"53","MOTHERSHIP-LISERON","AFOGNAK",0
"54","NAKALILOK BAY","AFOGNAK",0
"55","NARROWS INN","AFOGNAK",0
"56","NAUKATI","AFOGNAK",0
"57","NINILCHIK","AFOGNAK",0
"58","NORTH DOUGLAS","AFOGNAK",0
"59","OLD HARBOR","AFOGNAK",0
"60","ORCA POINT LODGE","AFOGNAK",0
"61","ORR ISLAND","AFOGNAK",0
"62","OTTER COVE","AFOGNAK",0
"63","PARKS CANNERY","AFOGNAK",0
"64","PELICAN","AFOGNAK",0
"65","PETERSBURG","AFOGNAK",0
"66","POINT BAKER","AFOGNAK",0
"67","PORT ALEXANDER","AFOGNAK",0
"68","PORT ASHTON","AFOGNAK",0
"69","PORT LIONS","AFOGNAK",54
"70","PORT PROTECTION","AFOGNAK",0
"71","PORT ST NICHOLAS","AFOGNAK",0
"72","PORT WAKEFIELD","AFOGNAK",60
"73","PYBUS BAY","AFOGNAK",0
"74","PYBUS POINT LODGE","AFOGNAK",0
"75","RASPBERRY ISLAND","AFOGNAK",17
"76","REFUGE COVE","AFOGNAK",0
"77","SALMON FALLS","AFOGNAK",0
"78","SALMON FALLS RESORT","AFOGNAK",0
"79","SALTERY COVE (SC)","AFOGNAK",0
"80","SEA OTTER SOUND","AFOGNAK",0
"81","SEAL BAY (SC)","AFOGNAK",69
"82","SEALING COVE","AFOGNAK",0
"83","SELDOVIA","AFOGNAK",0
"84","SEWARD","AFOGNAK",0
"85","SILVER KING LODGE","AFOGNAK",0
"86","SILVER SALMON","AFOGNAK",0
"87","SILVER SALMON CREEK","AFOGNAK",0
"88","SITKA","AFOGNAK",0
"89","SITKOH BAY","AFOGNAK",0
"90","SKAGWAY","AFOGNAK",0
"91","SPORTSMAN COVE","AFOGNAK",0
"92","ST HERMAN HARBOR","AFOGNAK",0
"93","STEAMBOAT BAY","AFOGNAK",0
"94","SUNNYSIDE","AFOGNAK",0
"95","TENAKEE","AFOGNAK",0
"96","THORNE BAY","AFOGNAK",0
"97","TUTKA BAY","AFOGNAK",0
"98","UGAK BAY","AFOGNAK",0
"99","UGANIK BAY","AFOGNAK",0
"100","UYAK BAY","AFOGNAK",0
"101","VALDEZ","AFOGNAK",0
"102","WADLEIGH ISLAND","AFOGNAK",0
"103","WARD COVE","AFOGNAK",0
"104","WARM SPRINGS BAY","AFOGNAK",0
"105","WATERFALL","AFOGNAK",0
"106","WATERFALL RESORT","AFOGNAK",0
"107","WHALE PASS (POW - SE)","AFOGNAK",0
"108","WHITTIER","AFOGNAK",0
"109","WRANGELL","AFOGNAK",0
"110","YAKUTAT","AFOGNAK",0
"111","ZACHAR BAY","AFOGNAK",0
"112","ADAK","BERING",0
"113","AFOGNAK","BERING",0
"114","AMOOK PASS","BERING",0
"115","ANCHOR POINT","BERING",0
"116","ANCHOR RIVER","BERING",0
"117","ANGOON","BERING",0
"118","ANTON LARSEN BAY","BERING",0
"119","APPLE ISLAND","BERING",0
"120","AUKE BAY","BERING",0
"121","BABE ISLANDS LODGE","BERING",0
"122","BARANOF","BERING",0
"123","BARTLETT COVE","BERING",0
"124","CANNERY COVE","BERING",0
"125","CEDARS LODGE","BERING",0
"126","CLOVER BAY","BERING",0
"127","CLOVER PASS","BERING",0
"128","COFFMAN COVE","BERING",0
"129","CORDOVA","BERING",0
"130","CRAIG","BERING",0
"131","DEEP CREEK","BERING",0
"132","DOUGLAS","BERING",0
"133","DOVE ISLAND LODGE","BERING",0
"134","EL CAPITAN LODGE","BERING",0
"135","ELFIN COVE","BERING",0
"136","FIREWEED LODGE","BERING",0
"137","FISHERMANS BEND","BERING",0
"138","GULL COVE","BERING",0
"139","GUSTAVUS","BERING",0
"140","HAINES","BERING",0
"141","HALIBUT COVE","BERING",0
"142","HAPPY VALLEY","BERING",0
"143","HOMER","BERING",0
"144","HOONAH","BERING",0
"145","ICY BAY LODGE","BERING",0
"146","IRON CREEK","BERING",0
"147","JUNEAU","BERING",0
"148","KAKE","BERING",0
"149","KELP BAY","BERING",0
"150","KETCHIKAN","BERING",0
"151","KHAZ BAY","BERING",0
"152","KILIUDA BAY","BERING",0
"153","KILLISNOO","BERING",0
"154","KLAWOCK","BERING",0
"155","KNUDSON COVE","BERING",0
"156","KODIAK","BERING",1
"157","LARSEN BAY","BERING",0
"158","LOWELL POINT","BERING",0
"159","MEYERS CHUCK","BERING",0
"160","MORNE ISLAND","BERING",0
"161","MOTHER SHIP","BERING",0
"162","MOTHERSHIP","BERING",0
"163","MOTHERSHIP- LISERON","BERING",0
"164","MOTHERSHIP-LISERON","BERING",0
"165","NAKALILOK BAY","BERING",0
"166","NARROWS INN","BERING",0
"167","NAUKATI","BERING",0
"168","NINILCHIK","BERING",0
"169","NORTH DOUGLAS","BERING",0
"170","OLD HARBOR","BERING",0
"171","ORCA POINT LODGE","BERING",0
"172","ORR ISLAND","BERING",0
"173","OTTER COVE","BERING",0
"174","PARKS CANNERY","BERING",0
"175","PELICAN","BERING",0
"176","PETERSBURG","BERING",0
"177","POINT BAKER","BERING",0
"178","PORT ALEXANDER","BERING",0
"179","PORT ASHTON","BERING",0
"180","PORT LIONS","BERING",0
"181","PORT PROTECTION","BERING",0
"182","PORT ST NICHOLAS","BERING",0
"183","PORT WAKEFIELD","BERING",1
"184","PYBUS BAY","BERING",0
"185","PYBUS POINT LODGE","BERING",0
"186","RASPBERRY ISLAND","BERING",0
"187","REFUGE COVE","BERING",0
"188","SALMON FALLS","BERING",0
"189","SALMON FALLS RESORT","BERING",0
"190","SALTERY COVE (SC)","BERING",0
"191","SEA OTTER SOUND","BERING",0
"192","SEAL BAY (SC)","BERING",0
"193","SEALING COVE","BERING",0
"194","SELDOVIA","BERING",0
"195","SEWARD","BERING",0
"196","SILVER KING LODGE","BERING",0
"197","SILVER SALMON","BERING",0
"198","SILVER SALMON CREEK","BERING",0
"199","SITKA","BERING",0
"200","SITKOH BAY","BERING",0
"201","SKAGWAY","BERING",0
"202","SPORTSMAN COVE","BERING",0
"203","ST HERMAN HARBOR","BERING",0
"204","STEAMBOAT BAY","BERING",0
"205","SUNNYSIDE","BERING",0
"206","TENAKEE","BERING",0
"207","THORNE BAY","BERING",0
"208","TUTKA BAY","BERING",0
"209","UGAK BAY","BERING",0
"210","UGANIK BAY","BERING",0
"211","UYAK BAY","BERING",0
"212","VALDEZ","BERING",0
"213","WADLEIGH ISLAND","BERING",0
"214","WARD COVE","BERING",0
"215","WARM SPRINGS BAY","BERING",0
"216","WATERFALL","BERING",0
"217","WATERFALL RESORT","BERING",0
"218","WHALE PASS (POW - SE)","BERING",0
"219","WHITTIER","BERING",0
"220","WRANGELL","BERING",0
"221","YAKUTAT","BERING",0
"222","ZACHAR BAY","BERING",0
"223","ADAK","CHIGNIK",0
"224","AFOGNAK","CHIGNIK",0
"225","AMOOK PASS","CHIGNIK",0
"226","ANCHOR POINT","CHIGNIK",0
"227","ANCHOR RIVER","CHIGNIK",0
"228","ANGOON","CHIGNIK",0
"229","ANTON LARSEN BAY","CHIGNIK",0
"230","APPLE ISLAND","CHIGNIK",0
"231","AUKE BAY","CHIGNIK",0
"232","BABE ISLANDS LODGE","CHIGNIK",0
"233","BARANOF","CHIGNIK",0
"234","BARTLETT COVE","CHIGNIK",0
"235","CANNERY COVE","CHIGNIK",0
"236","CEDARS LODGE","CHIGNIK",0
"237","CLOVER BAY","CHIGNIK",0
"238","CLOVER PASS","CHIGNIK",0
"239","COFFMAN COVE","CHIGNIK",0
"240","CORDOVA","CHIGNIK",0
"241","CRAIG","CHIGNIK",0
"242","DEEP CREEK","CHIGNIK",0
"243","DOUGLAS","CHIGNIK",0
"244","DOVE ISLAND LODGE","CHIGNIK",0
"245","EL CAPITAN LODGE","CHIGNIK",0
"246","ELFIN COVE","CHIGNIK",0
"247","FIREWEED LODGE","CHIGNIK",0
"248","FISHERMANS BEND","CHIGNIK",0
"249","GULL COVE","CHIGNIK",0
"250","GUSTAVUS","CHIGNIK",0
"251","HAINES","CHIGNIK",0
"252","HALIBUT COVE","CHIGNIK",0
"253","HAPPY VALLEY","CHIGNIK",0
"254","HOMER","CHIGNIK",0
"255","HOONAH","CHIGNIK",0
"256","ICY BAY LODGE","CHIGNIK",0
"257","IRON CREEK","CHIGNIK",0
"258","JUNEAU","CHIGNIK",0
"259","KAKE","CHIGNIK",0
"260","KELP BAY","CHIGNIK",0
"261","KETCHIKAN","CHIGNIK",0
"262","KHAZ BAY","CHIGNIK",0
"263","KILIUDA BAY","CHIGNIK",0
"264","KILLISNOO","CHIGNIK",0
"265","KLAWOCK","CHIGNIK",0
"266","KNUDSON COVE","CHIGNIK",0
"267","KODIAK","CHIGNIK",0
"268","LARSEN BAY","CHIGNIK",0
"269","LOWELL POINT","CHIGNIK",0
"270","MEYERS CHUCK","CHIGNIK",0
"271","MORNE ISLAND","CHIGNIK",0
"272","MOTHER SHIP","CHIGNIK",0
"273","MOTHERSHIP","CHIGNIK",0
"274","MOTHERSHIP- LISERON","CHIGNIK",0
"275","MOTHERSHIP-LISERON","CHIGNIK",0
"276","NAKALILOK BAY","CHIGNIK",2
"277","NARROWS INN","CHIGNIK",0
"278","NAUKATI","CHIGNIK",0
"279","NINILCHIK","CHIGNIK",0
"280","NORTH DOUGLAS","CHIGNIK",0
"281","OLD HARBOR","CHIGNIK",0
"282","ORCA POINT LODGE","CHIGNIK",0
"283","ORR ISLAND","CHIGNIK",0
"284","OTTER COVE","CHIGNIK",0
"285","PARKS CANNERY","CHIGNIK",0
"286","PELICAN","CHIGNIK",0
"287","PETERSBURG","CHIGNIK",0
"288","POINT BAKER","CHIGNIK",0
"289","PORT ALEXANDER","CHIGNIK",0
"290","PORT ASHTON","CHIGNIK",0
"291","PORT LIONS","CHIGNIK",0
"292","PORT PROTECTION","CHIGNIK",0
"293","PORT ST NICHOLAS","CHIGNIK",0
"294","PORT WAKEFIELD","CHIGNIK",0
"295","PYBUS BAY","CHIGNIK",0
"296","PYBUS POINT LODGE","CHIGNIK",0
"297","RASPBERRY ISLAND","CHIGNIK",0
"298","REFUGE COVE","CHIGNIK",0
"299","SALMON FALLS","CHIGNIK",0
"300","SALMON FALLS RESORT","CHIGNIK",0
"301","SALTERY COVE (SC)","CHIGNIK",0
"302","SEA OTTER SOUND","CHIGNIK",0
"303","SEAL BAY (SC)","CHIGNIK",0
"304","SEALING COVE","CHIGNIK",0
"305","SELDOVIA","CHIGNIK",0
"306","SEWARD","CHIGNIK",0
"307","SILVER KING LODGE","CHIGNIK",0
"308","SILVER SALMON","CHIGNIK",0
"309","SILVER SALMON CREEK","CHIGNIK",0
"310","SITKA","CHIGNIK",0
"311","SITKOH BAY","CHIGNIK",0
"312","SKAGWAY","CHIGNIK",0
"313","SPORTSMAN COVE","CHIGNIK",0
"314","ST HERMAN HARBOR","CHIGNIK",0
"315","STEAMBOAT BAY","CHIGNIK",0
"316","SUNNYSIDE","CHIGNIK",0
"317","TENAKEE","CHIGNIK",0
"318","THORNE BAY","CHIGNIK",0
"319","TUTKA BAY","CHIGNIK",0
"320","UGAK BAY","CHIGNIK",0
"321","UGANIK BAY","CHIGNIK",0
"322","UYAK BAY","CHIGNIK",0
"323","VALDEZ","CHIGNIK",0
"324","WADLEIGH ISLAND","CHIGNIK",0
"325","WARD COVE","CHIGNIK",0
"326","WARM SPRINGS BAY","CHIGNIK",0
"327","WATERFALL","CHIGNIK",0
"328","WATERFALL RESORT","CHIGNIK",0
"329","WHALE PASS (POW - SE)","CHIGNIK",0
"330","WHITTIER","CHIGNIK",0
"331","WRANGELL","CHIGNIK",0
"332","YAKUTAT","CHIGNIK",0
"333","ZACHAR BAY","CHIGNIK",0
"334","ADAK","CI",0
"335","AFOGNAK","CI",0
"336","AMOOK PASS","CI",0
"337","ANCHOR POINT","CI",415
"338","ANCHOR RIVER","CI",25
"339","ANGOON","CI",0
"340","ANTON LARSEN BAY","CI",0
"341","APPLE ISLAND","CI",0
"342","AUKE BAY","CI",0
"343","BABE ISLANDS LODGE","CI",0
"344","BARANOF","CI",0
"345","BARTLETT COVE","CI",0
"346","CANNERY COVE","CI",0
"347","CEDARS LODGE","CI",0
"348","CLOVER BAY","CI",0
"349","CLOVER PASS","CI",0
"350","COFFMAN COVE","CI",0
"351","CORDOVA","CI",0
"352","CRAIG","CI",0
"353","DEEP CREEK","CI",1546
"354","DOUGLAS","CI",0
"355","DOVE ISLAND LODGE","CI",0
"356","EL CAPITAN LODGE","CI",0
"357","ELFIN COVE","CI",0
"358","FIREWEED LODGE","CI",0
"359","FISHERMANS BEND","CI",0
"360","GULL COVE","CI",0
"361","GUSTAVUS","CI",0
"362","HAINES","CI",0
"363","HALIBUT COVE","CI",5
"364","HAPPY VALLEY","CI",85
"365","HOMER","CI",4627
"366","HOONAH","CI",0
"367","ICY BAY LODGE","CI",0
"368","IRON CREEK","CI",0
"369","JUNEAU","CI",0
"370","KAKE","CI",0
"371","KELP BAY","CI",0
"372","KETCHIKAN","CI",0
"373","KHAZ BAY","CI",0
"374","KILIUDA BAY","CI",0
"375","KILLISNOO","CI",0
"376","KLAWOCK","CI",0
"377","KNUDSON COVE","CI",0
"378","KODIAK","CI",4
"379","LARSEN BAY","CI",0
"380","LOWELL POINT","CI",0
"381","MEYERS CHUCK","CI",0
"382","MORNE ISLAND","CI",0
"383","MOTHER SHIP","CI",0
"384","MOTHERSHIP","CI",0
"385","MOTHERSHIP- LISERON","CI",0
"386","MOTHERSHIP-LISERON","CI",0
"387","NAKALILOK BAY","CI",0
"388","NARROWS INN","CI",0
"389","NAUKATI","CI",0
"390","NINILCHIK","CI",109
"391","NORTH DOUGLAS","CI",0
"392","OLD HARBOR","CI",0
"393","ORCA POINT LODGE","CI",0
"394","ORR ISLAND","CI",0
"395","OTTER COVE","CI",12
"396","PARKS CANNERY","CI",0
"397","PELICAN","CI",0
"398","PETERSBURG","CI",0
"399","POINT BAKER","CI",0
"400","PORT ALEXANDER","CI",0
"401","PORT ASHTON","CI",0
"402","PORT LIONS","CI",0
"403","PORT PROTECTION","CI",0
"404","PORT ST NICHOLAS","CI",0
"405","PORT WAKEFIELD","CI",1
"406","PYBUS BAY","CI",0
"407","PYBUS POINT LODGE","CI",0
"408","RASPBERRY ISLAND","CI",0
"409","REFUGE COVE","CI",0
"410","SALMON FALLS","CI",0
"411","SALMON FALLS RESORT","CI",0
"412","SALTERY COVE (SC)","CI",0
"413","SEA OTTER SOUND","CI",0
"414","SEAL BAY (SC)","CI",0
"415","SEALING COVE","CI",0
"416","SELDOVIA","CI",86
"417","SEWARD","CI",1
"418","SILVER KING LODGE","CI",0
"419","SILVER SALMON","CI",3
"420","SILVER SALMON CREEK","CI",2
"421","SITKA","CI",0
"422","SITKOH BAY","CI",0
"423","SKAGWAY","CI",0
"424","SPORTSMAN COVE","CI",0
"425","ST HERMAN HARBOR","CI",0
"426","STEAMBOAT BAY","CI",0
"427","SUNNYSIDE","CI",0
"428","TENAKEE","CI",0
"429","THORNE BAY","CI",0
"430","TUTKA BAY","CI",20
"431","UGAK BAY","CI",0
"432","UGANIK BAY","CI",0
"433","UYAK BAY","CI",0
"434","VALDEZ","CI",0
"435","WADLEIGH ISLAND","CI",0
"436","WARD COVE","CI",0
"437","WARM SPRINGS BAY","CI",0
"438","WATERFALL","CI",0
"439","WATERFALL RESORT","CI",0
"440","WHALE PASS (POW - SE)","CI",0
"441","WHITTIER","CI",0
"442","WRANGELL","CI",0
"443","YAKUTAT","CI",0
"444","ZACHAR BAY","CI",0
"445","ADAK","CSEO",0
"446","AFOGNAK","CSEO",0
"447","AMOOK PASS","CSEO",0
"448","ANCHOR POINT","CSEO",0
"449","ANCHOR RIVER","CSEO",0
"450","ANGOON","CSEO",0
"451","ANTON LARSEN BAY","CSEO",0
"452","APPLE ISLAND","CSEO",61
"453","AUKE BAY","CSEO",0
"454","BABE ISLANDS LODGE","CSEO",0
"455","BARANOF","CSEO",0
"456","BARTLETT COVE","CSEO",0
"457","CANNERY COVE","CSEO",0
"458","CEDARS LODGE","CSEO",0
"459","CLOVER BAY","CSEO",0
"460","CLOVER PASS","CSEO",0
"461","COFFMAN COVE","CSEO",0
"462","CORDOVA","CSEO",0
"463","CRAIG","CSEO",0
"464","DEEP CREEK","CSEO",0
"465","DOUGLAS","CSEO",0
"466","DOVE ISLAND LODGE","CSEO",74
"467","EL CAPITAN LODGE","CSEO",0
"468","ELFIN COVE","CSEO",37
"469","FIREWEED LODGE","CSEO",0
"470","FISHERMANS BEND","CSEO",0
"471","GULL COVE","CSEO",0
"472","GUSTAVUS","CSEO",1
"473","HAINES","CSEO",0
"474","HALIBUT COVE","CSEO",0
"475","HAPPY VALLEY","CSEO",0
"476","HOMER","CSEO",0
"477","HOONAH","CSEO",0
"478","ICY BAY LODGE","CSEO",0
"479","IRON CREEK","CSEO",0
"480","JUNEAU","CSEO",8
"481","KAKE","CSEO",0
"482","KELP BAY","CSEO",0
"483","KETCHIKAN","CSEO",0
"484","KHAZ BAY","CSEO",0
"485","KILIUDA BAY","CSEO",0
"486","KILLISNOO","CSEO",0
"487","KLAWOCK","CSEO",0
"488","KNUDSON COVE","CSEO",0
"489","KODIAK","CSEO",0
"490","LARSEN BAY","CSEO",0
"491","LOWELL POINT","CSEO",0
"492","MEYERS CHUCK","CSEO",0
"493","MORNE ISLAND","CSEO",16
"494","MOTHER SHIP","CSEO",4
"495","MOTHERSHIP","CSEO",4
"496","MOTHERSHIP- LISERON","CSEO",1
"497","MOTHERSHIP-LISERON","CSEO",4
"498","NAKALILOK BAY","CSEO",0
"499","NARROWS INN","CSEO",0
"500","NAUKATI","CSEO",0
"501","NINILCHIK","CSEO",0
"502","NORTH DOUGLAS","CSEO",0
"503","OLD HARBOR","CSEO",0
"504","ORCA POINT LODGE","CSEO",0
"505","ORR ISLAND","CSEO",0
"506","OTTER COVE","CSEO",0
"507","PARKS CANNERY","CSEO",0
"508","PELICAN","CSEO",0
"509","PETERSBURG","CSEO",2
"510","POINT BAKER","CSEO",0
"511","PORT ALEXANDER","CSEO",8
"512","PORT ASHTON","CSEO",0
"513","PORT LIONS","CSEO",0
"514","PORT PROTECTION","CSEO",0
"515","PORT ST NICHOLAS","CSEO",0
"516","PORT WAKEFIELD","CSEO",0
"517","PYBUS BAY","CSEO",0
"518","PYBUS POINT LODGE","CSEO",0
"519","RASPBERRY ISLAND","CSEO",0
"520","REFUGE COVE","CSEO",0
"521","SALMON FALLS","CSEO",0
"522","SALMON FALLS RESORT","CSEO",0
"523","SALTERY COVE (SC)","CSEO",0
"524","SEA OTTER SOUND","CSEO",0
"525","SEAL BAY (SC)","CSEO",0
"526","SEALING COVE","CSEO",61
"527","SELDOVIA","CSEO",0
"528","SEWARD","CSEO",0
"529","SILVER KING LODGE","CSEO",0
"530","SILVER SALMON","CSEO",0
"531","SILVER SALMON CREEK","CSEO",0
"532","SITKA","CSEO",7504
"533","SITKOH BAY","CSEO",0
"534","SKAGWAY","CSEO",0
"535","SPORTSMAN COVE","CSEO",0
"536","ST HERMAN HARBOR","CSEO",0
"537","STEAMBOAT BAY","CSEO",0
"538","SUNNYSIDE","CSEO",0
"539","TENAKEE","CSEO",0
"540","THORNE BAY","CSEO",0
"541","TUTKA BAY","CSEO",0
"542","UGAK BAY","CSEO",0
"543","UGANIK BAY","CSEO",0
"544","UYAK BAY","CSEO",0
"545","VALDEZ","CSEO",0
"546","WADLEIGH ISLAND","CSEO",0
"547","WARD COVE","CSEO",0
"548","WARM SPRINGS BAY","CSEO",0
"549","WATERFALL","CSEO",0
"550","WATERFALL RESORT","CSEO",0
"551","WHALE PASS (POW - SE)","CSEO",0
"552","WHITTIER","CSEO",0
"553","WRANGELL","CSEO",0
"554","YAKUTAT","CSEO",0
"555","ZACHAR BAY","CSEO",0
"556","ADAK","EASTSIDE",0
"557","AFOGNAK","EASTSIDE",0
"558","AMOOK PASS","EASTSIDE",0
"559","ANCHOR POINT","EASTSIDE",0
"560","ANCHOR RIVER","EASTSIDE",0
"561","ANGOON","EASTSIDE",0
"562","ANTON LARSEN BAY","EASTSIDE",0
"563","APPLE ISLAND","EASTSIDE",0
"564","AUKE BAY","EASTSIDE",0
"565","BABE ISLANDS LODGE","EASTSIDE",0
"566","BARANOF","EASTSIDE",0
"567","BARTLETT COVE","EASTSIDE",0
"568","CANNERY COVE","EASTSIDE",0
"569","CEDARS LODGE","EASTSIDE",0
"570","CLOVER BAY","EASTSIDE",0
"571","CLOVER PASS","EASTSIDE",0
"572","COFFMAN COVE","EASTSIDE",0
"573","CORDOVA","EASTSIDE",0
"574","CRAIG","EASTSIDE",0
"575","DEEP CREEK","EASTSIDE",0
"576","DOUGLAS","EASTSIDE",0
"577","DOVE ISLAND LODGE","EASTSIDE",0
"578","EL CAPITAN LODGE","EASTSIDE",0
"579","ELFIN COVE","EASTSIDE",0
"580","FIREWEED LODGE","EASTSIDE",0
"581","FISHERMANS BEND","EASTSIDE",0
"582","GULL COVE","EASTSIDE",0
"583","GUSTAVUS","EASTSIDE",0
"584","HAINES","EASTSIDE",0
"585","HALIBUT COVE","EASTSIDE",0
"586","HAPPY VALLEY","EASTSIDE",0
"587","HOMER","EASTSIDE",0
"588","HOONAH","EASTSIDE",0
"589","ICY BAY LODGE","EASTSIDE",0
"590","IRON CREEK","EASTSIDE",0
"591","JUNEAU","EASTSIDE",0
"592","KAKE","EASTSIDE",0
"593","KELP BAY","EASTSIDE",0
"594","KETCHIKAN","EASTSIDE",0
"595","KHAZ BAY","EASTSIDE",0
"596","KILIUDA BAY","EASTSIDE",58
"597","KILLISNOO","EASTSIDE",0
"598","KLAWOCK","EASTSIDE",0
"599","KNUDSON COVE","EASTSIDE",0
"600","KODIAK","EASTSIDE",121
"601","LARSEN BAY","EASTSIDE",0
"602","LOWELL POINT","EASTSIDE",0
"603","MEYERS CHUCK","EASTSIDE",0
"604","MORNE ISLAND","EASTSIDE",0
"605","MOTHER SHIP","EASTSIDE",0
"606","MOTHERSHIP","EASTSIDE",4
"607","MOTHERSHIP- LISERON","EASTSIDE",0
"608","MOTHERSHIP-LISERON","EASTSIDE",0
"609","NAKALILOK BAY","EASTSIDE",0
"610","NARROWS INN","EASTSIDE",0
"611","NAUKATI","EASTSIDE",0
"612","NINILCHIK","EASTSIDE",0
"613","NORTH DOUGLAS","EASTSIDE",0
"614","OLD HARBOR","EASTSIDE",35
"615","ORCA POINT LODGE","EASTSIDE",0
"616","ORR ISLAND","EASTSIDE",0
"617","OTTER COVE","EASTSIDE",0
"618","PARKS CANNERY","EASTSIDE",0
"619","PELICAN","EASTSIDE",0
"620","PETERSBURG","EASTSIDE",0
"621","POINT BAKER","EASTSIDE",0
"622","PORT ALEXANDER","EASTSIDE",0
"623","PORT ASHTON","EASTSIDE",0
"624","PORT LIONS","EASTSIDE",1
"625","PORT PROTECTION","EASTSIDE",0
"626","PORT ST NICHOLAS","EASTSIDE",0
"627","PORT WAKEFIELD","EASTSIDE",0
"628","PYBUS BAY","EASTSIDE",0
"629","PYBUS POINT LODGE","EASTSIDE",0
"630","RASPBERRY ISLAND","EASTSIDE",0
"631","REFUGE COVE","EASTSIDE",0
"632","SALMON FALLS","EASTSIDE",0
"633","SALMON FALLS RESORT","EASTSIDE",0
"634","SALTERY COVE (SC)","EASTSIDE",2
"635","SEA OTTER SOUND","EASTSIDE",0
"636","SEAL BAY (SC)","EASTSIDE",0
"637","SEALING COVE","EASTSIDE",0
"638","SELDOVIA","EASTSIDE",0
"639","SEWARD","EASTSIDE",0
"640","SILVER KING LODGE","EASTSIDE",0
"641","SILVER SALMON","EASTSIDE",0
"642","SILVER SALMON CREEK","EASTSIDE",0
"643","SITKA","EASTSIDE",0
"644","SITKOH BAY","EASTSIDE",0
"645","SKAGWAY","EASTSIDE",0
"646","SPORTSMAN COVE","EASTSIDE",0
"647","ST HERMAN HARBOR","EASTSIDE",1
"648","STEAMBOAT BAY","EASTSIDE",0
"649","SUNNYSIDE","EASTSIDE",0
"650","TENAKEE","EASTSIDE",0
"651","THORNE BAY","EASTSIDE",0
"652","TUTKA BAY","EASTSIDE",0
"653","UGAK BAY","EASTSIDE",42
"654","UGANIK BAY","EASTSIDE",0
"655","UYAK BAY","EASTSIDE",0
"656","VALDEZ","EASTSIDE",0
"657","WADLEIGH ISLAND","EASTSIDE",0
"658","WARD COVE","EASTSIDE",0
"659","WARM SPRINGS BAY","EASTSIDE",0
"660","WATERFALL","EASTSIDE",0
"661","WATERFALL RESORT","EASTSIDE",0
"662","WHALE PASS (POW - SE)","EASTSIDE",0
"663","WHITTIER","EASTSIDE",0
"664","WRANGELL","EASTSIDE",0
"665","YAKUTAT","EASTSIDE",0
"666","ZACHAR BAY","EASTSIDE",0
"667","ADAK","EYKT",0
"668","AFOGNAK","EYKT",0
"669","AMOOK PASS","EYKT",0
"670","ANCHOR POINT","EYKT",0
"671","ANCHOR RIVER","EYKT",0
"672","ANGOON","EYKT",0
"673","ANTON LARSEN BAY","EYKT",0
"674","APPLE ISLAND","EYKT",0
"675","AUKE BAY","EYKT",0
"676","BABE ISLANDS LODGE","EYKT",0
"677","BARANOF","EYKT",0
"678","BARTLETT COVE","EYKT",0
"679","CANNERY COVE","EYKT",0
"680","CEDARS LODGE","EYKT",0
"681","CLOVER BAY","EYKT",0
"682","CLOVER PASS","EYKT",0
"683","COFFMAN COVE","EYKT",0
"684","CORDOVA","EYKT",0
"685","CRAIG","EYKT",0
"686","DEEP CREEK","EYKT",0
"687","DOUGLAS","EYKT",0
"688","DOVE ISLAND LODGE","EYKT",0
"689","EL CAPITAN LODGE","EYKT",0
"690","ELFIN COVE","EYKT",116
"691","FIREWEED LODGE","EYKT",0
"692","FISHERMANS BEND","EYKT",0
"693","GULL COVE","EYKT",1
"694","GUSTAVUS","EYKT",0
"695","HAINES","EYKT",0
"696","HALIBUT COVE","EYKT",0
"697","HAPPY VALLEY","EYKT",0
"698","HOMER","EYKT",0
"699","HOONAH","EYKT",0
"700","ICY BAY LODGE","EYKT",0
"701","IRON CREEK","EYKT",0
"702","JUNEAU","EYKT",0
"703","KAKE","EYKT",0
"704","KELP BAY","EYKT",0
"705","KETCHIKAN","EYKT",0
"706","KHAZ BAY","EYKT",0
"707","KILIUDA BAY","EYKT",0
"708","KILLISNOO","EYKT",0
"709","KLAWOCK","EYKT",0
"710","KNUDSON COVE","EYKT",0
"711","KODIAK","EYKT",0
"712","LARSEN BAY","EYKT",0
"713","LOWELL POINT","EYKT",0
"714","MEYERS CHUCK","EYKT",0
"715","MORNE ISLAND","EYKT",0
"716","MOTHER SHIP","EYKT",0
"717","MOTHERSHIP","EYKT",0
"718","MOTHERSHIP- LISERON","EYKT",0
"719","MOTHERSHIP-LISERON","EYKT",0
"720","NAKALILOK BAY","EYKT",0
"721","NARROWS INN","EYKT",0
"722","NAUKATI","EYKT",0
"723","NINILCHIK","EYKT",0
"724","NORTH DOUGLAS","EYKT",0
"725","OLD HARBOR","EYKT",0
"726","ORCA POINT LODGE","EYKT",0
"727","ORR ISLAND","EYKT",0
"728","OTTER COVE","EYKT",0
"729","PARKS CANNERY","EYKT",0
"730","PELICAN","EYKT",1
"731","PETERSBURG","EYKT",0
"732","POINT BAKER","EYKT",0
"733","PORT ALEXANDER","EYKT",0
"734","PORT ASHTON","EYKT",0
"735","PORT LIONS","EYKT",0
"736","PORT PROTECTION","EYKT",0
"737","PORT ST NICHOLAS","EYKT",0
"738","PORT WAKEFIELD","EYKT",0
"739","PYBUS BAY","EYKT",0
"740","PYBUS POINT LODGE","EYKT",0
"741","RASPBERRY ISLAND","EYKT",0
"742","REFUGE COVE","EYKT",0
"743","SALMON FALLS","EYKT",0
"744","SALMON FALLS RESORT","EYKT",0
"745","SALTERY COVE (SC)","EYKT",0
"746","SEA OTTER SOUND","EYKT",0
"747","SEAL BAY (SC)","EYKT",0
"748","SEALING COVE","EYKT",0
"749","SELDOVIA","EYKT",0
"750","SEWARD","EYKT",0
"751","SILVER KING LODGE","EYKT",0
"752","SILVER SALMON","EYKT",0
"753","SILVER SALMON CREEK","EYKT",0
"754","SITKA","EYKT",0
"755","SITKOH BAY","EYKT",0
"756","SKAGWAY","EYKT",0
"757","SPORTSMAN COVE","EYKT",0
"758","ST HERMAN HARBOR","EYKT",0
"759","STEAMBOAT BAY","EYKT",0
"760","SUNNYSIDE","EYKT",0
"761","TENAKEE","EYKT",0
"762","THORNE BAY","EYKT",0
"763","TUTKA BAY","EYKT",0
"764","UGAK BAY","EYKT",0
"765","UGANIK BAY","EYKT",0
"766","UYAK BAY","EYKT",0
"767","VALDEZ","EYKT",0
"768","WADLEIGH ISLAND","EYKT",0
"769","WARD COVE","EYKT",0
"770","WARM SPRINGS BAY","EYKT",0
"771","WATERFALL","EYKT",0
"772","WATERFALL RESORT","EYKT",0
"773","WHALE PASS (POW - SE)","EYKT",0
"774","WHITTIER","EYKT",0
"775","WRANGELL","EYKT",0
"776","YAKUTAT","EYKT",4
"777","ZACHAR BAY","EYKT",0
"778","ADAK","IBS",0
"779","AFOGNAK","IBS",0
"780","AMOOK PASS","IBS",0
"781","ANCHOR POINT","IBS",0
"782","ANCHOR RIVER","IBS",0
"783","ANGOON","IBS",0
"784","ANTON LARSEN BAY","IBS",0
"785","APPLE ISLAND","IBS",0
"786","AUKE BAY","IBS",0
"787","BABE ISLANDS LODGE","IBS",0
"788","BARANOF","IBS",0
"789","BARTLETT COVE","IBS",0
"790","CANNERY COVE","IBS",0
"791","CEDARS LODGE","IBS",0
"792","CLOVER BAY","IBS",0
"793","CLOVER PASS","IBS",0
"794","COFFMAN COVE","IBS",0
"795","CORDOVA","IBS",0
"796","CRAIG","IBS",0
"797","DEEP CREEK","IBS",0
"798","DOUGLAS","IBS",0
"799","DOVE ISLAND LODGE","IBS",0
"800","EL CAPITAN LODGE","IBS",0
"801","ELFIN COVE","IBS",0
"802","FIREWEED LODGE","IBS",0
"803","FISHERMANS BEND","IBS",0
"804","GULL COVE","IBS",0
"805","GUSTAVUS","IBS",0
"806","HAINES","IBS",0
"807","HALIBUT COVE","IBS",0
"808","HAPPY VALLEY","IBS",0
"809","HOMER","IBS",0
"810","HOONAH","IBS",0
"811","ICY BAY LODGE","IBS",5
"812","IRON CREEK","IBS",0
"813","JUNEAU","IBS",0
"814","KAKE","IBS",0
"815","KELP BAY","IBS",0
"816","KETCHIKAN","IBS",0
"817","KHAZ BAY","IBS",0
"818","KILIUDA BAY","IBS",0
"819","KILLISNOO","IBS",0
"820","KLAWOCK","IBS",0
"821","KNUDSON COVE","IBS",0
"822","KODIAK","IBS",0
"823","LARSEN BAY","IBS",0
"824","LOWELL POINT","IBS",0
"825","MEYERS CHUCK","IBS",0
"826","MORNE ISLAND","IBS",0
"827","MOTHER SHIP","IBS",0
"828","MOTHERSHIP","IBS",0
"829","MOTHERSHIP- LISERON","IBS",0
"830","MOTHERSHIP-LISERON","IBS",0
"831","NAKALILOK BAY","IBS",0
"832","NARROWS INN","IBS",0
"833","NAUKATI","IBS",0
"834","NINILCHIK","IBS",0
"835","NORTH DOUGLAS","IBS",0
"836","OLD HARBOR","IBS",0
"837","ORCA POINT LODGE","IBS",0
"838","ORR ISLAND","IBS",0
"839","OTTER COVE","IBS",0
"840","PARKS CANNERY","IBS",0
"841","PELICAN","IBS",0
"842","PETERSBURG","IBS",0
"843","POINT BAKER","IBS",0
"844","PORT ALEXANDER","IBS",0
"845","PORT ASHTON","IBS",0
"846","PORT LIONS","IBS",0
"847","PORT PROTECTION","IBS",0
"848","PORT ST NICHOLAS","IBS",0
"849","PORT WAKEFIELD","IBS",0
"850","PYBUS BAY","IBS",0
"851","PYBUS POINT LODGE","IBS",0
"852","RASPBERRY ISLAND","IBS",0
"853","REFUGE COVE","IBS",0
"854","SALMON FALLS","IBS",0
"855","SALMON FALLS RESORT","IBS",0
"856","SALTERY COVE (SC)","IBS",0
"857","SEA OTTER SOUND","IBS",0
"858","SEAL BAY (SC)","IBS",0
"859","SEALING COVE","IBS",0
"860","SELDOVIA","IBS",0
"861","SEWARD","IBS",0
"862","SILVER KING LODGE","IBS",0
"863","SILVER SALMON","IBS",0
"864","SILVER SALMON CREEK","IBS",0
"865","SITKA","IBS",0
"866","SITKOH BAY","IBS",0
"867","SKAGWAY","IBS",0
"868","SPORTSMAN COVE","IBS",0
"869","ST HERMAN HARBOR","IBS",0
"870","STEAMBOAT BAY","IBS",0
"871","SUNNYSIDE","IBS",0
"872","TENAKEE","IBS",0
"873","THORNE BAY","IBS",0
"874","TUTKA BAY","IBS",0
"875","UGAK BAY","IBS",0
"876","UGANIK BAY","IBS",0
"877","UYAK BAY","IBS",0
"878","VALDEZ","IBS",0
"879","WADLEIGH ISLAND","IBS",0
"880","WARD COVE","IBS",0
"881","WARM SPRINGS BAY","IBS",0
"882","WATERFALL","IBS",0
"883","WATERFALL RESORT","IBS",0
"884","WHALE PASS (POW - SE)","IBS",0
"885","WHITTIER","IBS",0
"886","WRANGELL","IBS",0
"887","YAKUTAT","IBS",705
"888","ZACHAR BAY","IBS",0
"889","ADAK","MAINLAND",0
"890","AFOGNAK","MAINLAND",0
"891","AMOOK PASS","MAINLAND",0
"892","ANCHOR POINT","MAINLAND",0
"893","ANCHOR RIVER","MAINLAND",0
"894","ANGOON","MAINLAND",0
"895","ANTON LARSEN BAY","MAINLAND",0
"896","APPLE ISLAND","MAINLAND",0
"897","AUKE BAY","MAINLAND",0
"898","BABE ISLANDS LODGE","MAINLAND",0
"899","BARANOF","MAINLAND",0
"900","BARTLETT COVE","MAINLAND",0
"901","CANNERY COVE","MAINLAND",0
"902","CEDARS LODGE","MAINLAND",0
"903","CLOVER BAY","MAINLAND",0
"904","CLOVER PASS","MAINLAND",0
"905","COFFMAN COVE","MAINLAND",0
"906","CORDOVA","MAINLAND",0
"907","CRAIG","MAINLAND",0
"908","DEEP CREEK","MAINLAND",0
"909","DOUGLAS","MAINLAND",0
"910","DOVE ISLAND LODGE","MAINLAND",0
"911","EL CAPITAN LODGE","MAINLAND",0
"912","ELFIN COVE","MAINLAND",0
"913","FIREWEED LODGE","MAINLAND",0
"914","FISHERMANS BEND","MAINLAND",0
"915","GULL COVE","MAINLAND",0
"916","GUSTAVUS","MAINLAND",0
"917","HAINES","MAINLAND",0
"918","HALIBUT COVE","MAINLAND",0
"919","HAPPY VALLEY","MAINLAND",0
"920","HOMER","MAINLAND",0
"921","HOONAH","MAINLAND",0
"922","ICY BAY LODGE","MAINLAND",0
"923","IRON CREEK","MAINLAND",0
"924","JUNEAU","MAINLAND",0
"925","KAKE","MAINLAND",0
"926","KELP BAY","MAINLAND",0
"927","KETCHIKAN","MAINLAND",0
"928","KHAZ BAY","MAINLAND",0
"929","KILIUDA BAY","MAINLAND",0
"930","KILLISNOO","MAINLAND",0
"931","KLAWOCK","MAINLAND",0
"932","KNUDSON COVE","MAINLAND",0
"933","KODIAK","MAINLAND",0
"934","LARSEN BAY","MAINLAND",23
"935","LOWELL POINT","MAINLAND",0
"936","MEYERS CHUCK","MAINLAND",0
"937","MORNE ISLAND","MAINLAND",0
"938","MOTHER SHIP","MAINLAND",0
"939","MOTHERSHIP","MAINLAND",0
"940","MOTHERSHIP- LISERON","MAINLAND",0
"941","MOTHERSHIP-LISERON","MAINLAND",0
"942","NAKALILOK BAY","MAINLAND",0
"943","NARROWS INN","MAINLAND",0
"944","NAUKATI","MAINLAND",0
"945","NINILCHIK","MAINLAND",0
"946","NORTH DOUGLAS","MAINLAND",0
"947","OLD HARBOR","MAINLAND",0
"948","ORCA POINT LODGE","MAINLAND",0
"949","ORR ISLAND","MAINLAND",0
"950","OTTER COVE","MAINLAND",0
"951","PARKS CANNERY","MAINLAND",0
"952","PELICAN","MAINLAND",0
"953","PETERSBURG","MAINLAND",0
"954","POINT BAKER","MAINLAND",0
"955","PORT ALEXANDER","MAINLAND",0
"956","PORT ASHTON","MAINLAND",0
"957","PORT LIONS","MAINLAND",0
"958","PORT PROTECTION","MAINLAND",0
"959","PORT ST NICHOLAS","MAINLAND",0
"960","PORT WAKEFIELD","MAINLAND",0
"961","PYBUS BAY","MAINLAND",0
"962","PYBUS POINT LODGE","MAINLAND",0
"963","RASPBERRY ISLAND","MAINLAND",0
"964","REFUGE COVE","MAINLAND",0
"965","SALMON FALLS","MAINLAND",0
"966","SALMON FALLS RESORT","MAINLAND",0
"967","SALTERY COVE (SC)","MAINLAND",0
"968","SEA OTTER SOUND","MAINLAND",0
"969","SEAL BAY (SC)","MAINLAND",0
"970","SEALING COVE","MAINLAND",0
"971","SELDOVIA","MAINLAND",0
"972","SEWARD","MAINLAND",0
"973","SILVER KING LODGE","MAINLAND",0
"974","SILVER SALMON","MAINLAND",0
"975","SILVER SALMON CREEK","MAINLAND",0
"976","SITKA","MAINLAND",0
"977","SITKOH BAY","MAINLAND",0
"978","SKAGWAY","MAINLAND",0
"979","SPORTSMAN COVE","MAINLAND",0
"980","ST HERMAN HARBOR","MAINLAND",0
"981","STEAMBOAT BAY","MAINLAND",0
"982","SUNNYSIDE","MAINLAND",0
"983","TENAKEE","MAINLAND",0
"984","THORNE BAY","MAINLAND",0
"985","TUTKA BAY","MAINLAND",0
"986","UGAK BAY","MAINLAND",0
"987","UGANIK BAY","MAINLAND",0
"988","UYAK BAY","MAINLAND",0
"989","VALDEZ","MAINLAND",0
"990","WADLEIGH ISLAND","MAINLAND",0
"991","WARD COVE","MAINLAND",0
"992","WARM SPRINGS BAY","MAINLAND",0
"993","WATERFALL","MAINLAND",0
"994","WATERFALL RESORT","MAINLAND",0
"995","WHALE PASS (POW - SE)","MAINLAND",0
"996","WHITTIER","MAINLAND",0
"997","WRANGELL","MAINLAND",0
"998","YAKUTAT","MAINLAND",0
"999","ZACHAR BAY","MAINLAND",0
"1000","ADAK","NG",0
"1001","AFOGNAK","NG",0
"1002","AMOOK PASS","NG",0
"1003","ANCHOR POINT","NG",22
"1004","ANCHOR RIVER","NG",2
"1005","ANGOON","NG",0
"1006","ANTON LARSEN BAY","NG",0
"1007","APPLE ISLAND","NG",0
"1008","AUKE BAY","NG",0
"1009","BABE ISLANDS LODGE","NG",0
"1010","BARANOF","NG",0
"1011","BARTLETT COVE","NG",0
"1012","CANNERY COVE","NG",0
"1013","CEDARS LODGE","NG",0
"1014","CLOVER BAY","NG",0
"1015","CLOVER PASS","NG",0
"1016","COFFMAN COVE","NG",0
"1017","CORDOVA","NG",0
"1018","CRAIG","NG",0
"1019","DEEP CREEK","NG",16
"1020","DOUGLAS","NG",0
"1021","DOVE ISLAND LODGE","NG",0
"1022","EL CAPITAN LODGE","NG",0
"1023","ELFIN COVE","NG",0
"1024","FIREWEED LODGE","NG",0
"1025","FISHERMANS BEND","NG",0
"1026","GULL COVE","NG",0
"1027","GUSTAVUS","NG",0
"1028","HAINES","NG",0
"1029","HALIBUT COVE","NG",4
"1030","HAPPY VALLEY","NG",2
"1031","HOMER","NG",1938
"1032","HOONAH","NG",0
"1033","ICY BAY LODGE","NG",0
"1034","IRON CREEK","NG",0
"1035","JUNEAU","NG",0
"1036","KAKE","NG",0
"1037","KELP BAY","NG",0
"1038","KETCHIKAN","NG",0
"1039","KHAZ BAY","NG",0
"1040","KILIUDA BAY","NG",0
"1041","KILLISNOO","NG",0
"1042","KLAWOCK","NG",0
"1043","KNUDSON COVE","NG",0
"1044","KODIAK","NG",0
"1045","LARSEN BAY","NG",0
"1046","LOWELL POINT","NG",402
"1047","MEYERS CHUCK","NG",0
"1048","MORNE ISLAND","NG",0
"1049","MOTHER SHIP","NG",0
"1050","MOTHERSHIP","NG",0
"1051","MOTHERSHIP- LISERON","NG",0
"1052","MOTHERSHIP-LISERON","NG",0
"1053","NAKALILOK BAY","NG",0
"1054","NARROWS INN","NG",0
"1055","NAUKATI","NG",0
"1056","NINILCHIK","NG",4
"1057","NORTH DOUGLAS","NG",0
"1058","OLD HARBOR","NG",0
"1059","ORCA POINT LODGE","NG",0
"1060","ORR ISLAND","NG",0
"1061","OTTER COVE","NG",0
"1062","PARKS CANNERY","NG",0
"1063","PELICAN","NG",0
"1064","PETERSBURG","NG",0
"1065","POINT BAKER","NG",0
"1066","PORT ALEXANDER","NG",0
"1067","PORT ASHTON","NG",0
"1068","PORT LIONS","NG",0
"1069","PORT PROTECTION","NG",0
"1070","PORT ST NICHOLAS","NG",0
"1071","PORT WAKEFIELD","NG",0
"1072","PYBUS BAY","NG",0
"1073","PYBUS POINT LODGE","NG",0
"1074","RASPBERRY ISLAND","NG",0
"1075","REFUGE COVE","NG",0
"1076","SALMON FALLS","NG",0
"1077","SALMON FALLS RESORT","NG",0
"1078","SALTERY COVE (SC)","NG",0
"1079","SEA OTTER SOUND","NG",0
"1080","SEAL BAY (SC)","NG",0
"1081","SEALING COVE","NG",0
"1082","SELDOVIA","NG",2
"1083","SEWARD","NG",2190
"1084","SILVER KING LODGE","NG",0
"1085","SILVER SALMON","NG",0
"1086","SILVER SALMON CREEK","NG",0
"1087","SITKA","NG",0
"1088","SITKOH BAY","NG",0
"1089","SKAGWAY","NG",0
"1090","SPORTSMAN COVE","NG",0
"1091","ST HERMAN HARBOR","NG",0
"1092","STEAMBOAT BAY","NG",0
"1093","SUNNYSIDE","NG",0
"1094","TENAKEE","NG",0
"1095","THORNE BAY","NG",0
"1096","TUTKA BAY","NG",16
"1097","UGAK BAY","NG",0
"1098","UGANIK BAY","NG",0
"1099","UYAK BAY","NG",0
"1100","VALDEZ","NG",0
"1101","WADLEIGH ISLAND","NG",0
"1102","WARD COVE","NG",0
"1103","WARM SPRINGS BAY","NG",0
"1104","WATERFALL","NG",0
"1105","WATERFALL RESORT","NG",0
"1106","WHALE PASS (POW - SE)","NG",0
"1107","WHITTIER","NG",5
"1108","WRANGELL","NG",0
"1109","YAKUTAT","NG",0
"1110","ZACHAR BAY","NG",0
"1111","ADAK","NORTHEAST",0
"1112","AFOGNAK","NORTHEAST",0
"1113","AMOOK PASS","NORTHEAST",0
"1114","ANCHOR POINT","NORTHEAST",0
"1115","ANCHOR RIVER","NORTHEAST",0
"1116","ANGOON","NORTHEAST",0
"1117","ANTON LARSEN BAY","NORTHEAST",2
"1118","APPLE ISLAND","NORTHEAST",0
"1119","AUKE BAY","NORTHEAST",0
"1120","BABE ISLANDS LODGE","NORTHEAST",0
"1121","BARANOF","NORTHEAST",0
"1122","BARTLETT COVE","NORTHEAST",0
"1123","CANNERY COVE","NORTHEAST",0
"1124","CEDARS LODGE","NORTHEAST",0
"1125","CLOVER BAY","NORTHEAST",0
"1126","CLOVER PASS","NORTHEAST",0
"1127","COFFMAN COVE","NORTHEAST",0
"1128","CORDOVA","NORTHEAST",0
"1129","CRAIG","NORTHEAST",0
"1130","DEEP CREEK","NORTHEAST",0
"1131","DOUGLAS","NORTHEAST",0
"1132","DOVE ISLAND LODGE","NORTHEAST",0
"1133","EL CAPITAN LODGE","NORTHEAST",0
"1134","ELFIN COVE","NORTHEAST",0
"1135","FIREWEED LODGE","NORTHEAST",0
"1136","FISHERMANS BEND","NORTHEAST",0
"1137","GULL COVE","NORTHEAST",0
"1138","GUSTAVUS","NORTHEAST",0
"1139","HAINES","NORTHEAST",0
"1140","HALIBUT COVE","NORTHEAST",0
"1141","HAPPY VALLEY","NORTHEAST",0
"1142","HOMER","NORTHEAST",0
"1143","HOONAH","NORTHEAST",0
"1144","ICY BAY LODGE","NORTHEAST",0
"1145","IRON CREEK","NORTHEAST",57
"1146","JUNEAU","NORTHEAST",0
"1147","KAKE","NORTHEAST",0
"1148","KELP BAY","NORTHEAST",0
"1149","KETCHIKAN","NORTHEAST",0
"1150","KHAZ BAY","NORTHEAST",0
"1151","KILIUDA BAY","NORTHEAST",0
"1152","KILLISNOO","NORTHEAST",0
"1153","KLAWOCK","NORTHEAST",0
"1154","KNUDSON COVE","NORTHEAST",0
"1155","KODIAK","NORTHEAST",600
"1156","LARSEN BAY","NORTHEAST",3
"1157","LOWELL POINT","NORTHEAST",0
"1158","MEYERS CHUCK","NORTHEAST",0
"1159","MORNE ISLAND","NORTHEAST",0
"1160","MOTHER SHIP","NORTHEAST",0
"1161","MOTHERSHIP","NORTHEAST",0
"1162","MOTHERSHIP- LISERON","NORTHEAST",0
"1163","MOTHERSHIP-LISERON","NORTHEAST",0
"1164","NAKALILOK BAY","NORTHEAST",0
"1165","NARROWS INN","NORTHEAST",0
"1166","NAUKATI","NORTHEAST",0
"1167","NINILCHIK","NORTHEAST",0
"1168","NORTH DOUGLAS","NORTHEAST",0
"1169","OLD HARBOR","NORTHEAST",0
"1170","ORCA POINT LODGE","NORTHEAST",0
"1171","ORR ISLAND","NORTHEAST",0
"1172","OTTER COVE","NORTHEAST",0
"1173","PARKS CANNERY","NORTHEAST",0
"1174","PELICAN","NORTHEAST",0
"1175","PETERSBURG","NORTHEAST",0
"1176","POINT BAKER","NORTHEAST",0
"1177","PORT ALEXANDER","NORTHEAST",0
"1178","PORT ASHTON","NORTHEAST",0
"1179","PORT LIONS","NORTHEAST",74
"1180","PORT PROTECTION","NORTHEAST",0
"1181","PORT ST NICHOLAS","NORTHEAST",0
"1182","PORT WAKEFIELD","NORTHEAST",63
"1183","PYBUS BAY","NORTHEAST",0
"1184","PYBUS POINT LODGE","NORTHEAST",0
"1185","RASPBERRY ISLAND","NORTHEAST",8
"1186","REFUGE COVE","NORTHEAST",0
"1187","SALMON FALLS","NORTHEAST",0
"1188","SALMON FALLS RESORT","NORTHEAST",0
"1189","SALTERY COVE (SC)","NORTHEAST",0
"1190","SEA OTTER SOUND","NORTHEAST",0
"1191","SEAL BAY (SC)","NORTHEAST",1
"1192","SEALING COVE","NORTHEAST",0
"1193","SELDOVIA","NORTHEAST",0
"1194","SEWARD","NORTHEAST",0
"1195","SILVER KING LODGE","NORTHEAST",0
"1196","SILVER SALMON","NORTHEAST",0
"1197","SILVER SALMON CREEK","NORTHEAST",0
"1198","SITKA","NORTHEAST",0
"1199","SITKOH BAY","NORTHEAST",0
"1200","SKAGWAY","NORTHEAST",0
"1201","SPORTSMAN COVE","NORTHEAST",0
"1202","ST HERMAN HARBOR","NORTHEAST",1
"1203","STEAMBOAT BAY","NORTHEAST",0
"1204","SUNNYSIDE","NORTHEAST",0
"1205","TENAKEE","NORTHEAST",0
"1206","THORNE BAY","NORTHEAST",0
"1207","TUTKA BAY","NORTHEAST",0
"1208","UGAK BAY","NORTHEAST",0
"1209","UGANIK BAY","NORTHEAST",0
"1210","UYAK BAY","NORTHEAST",0
"1211","VALDEZ","NORTHEAST",0
"1212","WADLEIGH ISLAND","NORTHEAST",0
"1213","WARD COVE","NORTHEAST",0
"1214","WARM SPRINGS BAY","NORTHEAST",0
"1215","WATERFALL","NORTHEAST",0
"1216","WATERFALL RESORT","NORTHEAST",0
"1217","WHALE PASS (POW - SE)","NORTHEAST",0
"1218","WHITTIER","NORTHEAST",0
"1219","WRANGELL","NORTHEAST",0
"1220","YAKUTAT","NORTHEAST",0
"1221","ZACHAR BAY","NORTHEAST",0
"1222","ADAK","NSEI",0
"1223","AFOGNAK","NSEI",0
"1224","AMOOK PASS","NSEI",0
"1225","ANCHOR POINT","NSEI",0
"1226","ANCHOR RIVER","NSEI",0
"1227","ANGOON","NSEI",93
"1228","ANTON LARSEN BAY","NSEI",0
"1229","APPLE ISLAND","NSEI",1
"1230","AUKE BAY","NSEI",2486
"1231","BABE ISLANDS LODGE","NSEI",0
"1232","BARANOF","NSEI",2
"1233","BARTLETT COVE","NSEI",100
"1234","CANNERY COVE","NSEI",98
"1235","CEDARS LODGE","NSEI",0
"1236","CLOVER BAY","NSEI",0
"1237","CLOVER PASS","NSEI",0
"1238","COFFMAN COVE","NSEI",0
"1239","CORDOVA","NSEI",0
"1240","CRAIG","NSEI",0
"1241","DEEP CREEK","NSEI",0
"1242","DOUGLAS","NSEI",2
"1243","DOVE ISLAND LODGE","NSEI",2
"1244","EL CAPITAN LODGE","NSEI",92
"1245","ELFIN COVE","NSEI",244
"1246","FIREWEED LODGE","NSEI",0
"1247","FISHERMANS BEND","NSEI",174
"1248","GULL COVE","NSEI",27
"1249","GUSTAVUS","NSEI",830
"1250","HAINES","NSEI",93
"1251","HALIBUT COVE","NSEI",0
"1252","HAPPY VALLEY","NSEI",0
"1253","HOMER","NSEI",0
"1254","HOONAH","NSEI",481
"1255","ICY BAY LODGE","NSEI",0
"1256","IRON CREEK","NSEI",0
"1257","JUNEAU","NSEI",605
"1258","KAKE","NSEI",11
"1259","KELP BAY","NSEI",122
"1260","KETCHIKAN","NSEI",8
"1261","KHAZ BAY","NSEI",0
"1262","KILIUDA BAY","NSEI",0
"1263","KILLISNOO","NSEI",396
"1264","KLAWOCK","NSEI",0
"1265","KNUDSON COVE","NSEI",0
"1266","KODIAK","NSEI",0
"1267","LARSEN BAY","NSEI",0
"1268","LOWELL POINT","NSEI",0
"1269","MEYERS CHUCK","NSEI",0
"1270","MORNE ISLAND","NSEI",0
"1271","MOTHER SHIP","NSEI",140
"1272","MOTHERSHIP","NSEI",273
"1273","MOTHERSHIP- LISERON","NSEI",7
"1274","MOTHERSHIP-LISERON","NSEI",60
"1275","NAKALILOK BAY","NSEI",0
"1276","NARROWS INN","NSEI",0
"1277","NAUKATI","NSEI",0
"1278","NINILCHIK","NSEI",0
"1279","NORTH DOUGLAS","NSEI",29
"1280","OLD HARBOR","NSEI",0
"1281","ORCA POINT LODGE","NSEI",1
"1282","ORR ISLAND","NSEI",0
"1283","OTTER COVE","NSEI",0
"1284","PARKS CANNERY","NSEI",0
"1285","PELICAN","NSEI",3
"1286","PETERSBURG","NSEI",160
"1287","POINT BAKER","NSEI",0
"1288","PORT ALEXANDER","NSEI",86
"1289","PORT ASHTON","NSEI",0
"1290","PORT LIONS","NSEI",0
"1291","PORT PROTECTION","NSEI",0
"1292","PORT ST NICHOLAS","NSEI",0
"1293","PORT WAKEFIELD","NSEI",0
"1294","PYBUS BAY","NSEI",89
"1295","PYBUS POINT LODGE","NSEI",487
"1296","RASPBERRY ISLAND","NSEI",0
"1297","REFUGE COVE","NSEI",0
"1298","SALMON FALLS","NSEI",0
"1299","SALMON FALLS RESORT","NSEI",0
"1300","SALTERY COVE (SC)","NSEI",0
"1301","SEA OTTER SOUND","NSEI",0
"1302","SEAL BAY (SC)","NSEI",0
"1303","SEALING COVE","NSEI",0
"1304","SELDOVIA","NSEI",0
"1305","SEWARD","NSEI",0
"1306","SILVER KING LODGE","NSEI",0
"1307","SILVER SALMON","NSEI",0
"1308","SILVER SALMON CREEK","NSEI",0
"1309","SITKA","NSEI",298
"1310","SITKOH BAY","NSEI",1
"1311","SKAGWAY","NSEI",22
"1312","SPORTSMAN COVE","NSEI",0
"1313","ST HERMAN HARBOR","NSEI",0
"1314","STEAMBOAT BAY","NSEI",0
"1315","SUNNYSIDE","NSEI",1
"1316","TENAKEE","NSEI",38
"1317","THORNE BAY","NSEI",0
"1318","TUTKA BAY","NSEI",0
"1319","UGAK BAY","NSEI",0
"1320","UGANIK BAY","NSEI",0
"1321","UYAK BAY","NSEI",0
"1322","VALDEZ","NSEI",0
"1323","WADLEIGH ISLAND","NSEI",0
"1324","WARD COVE","NSEI",0
"1325","WARM SPRINGS BAY","NSEI",320
"1326","WATERFALL","NSEI",0
"1327","WATERFALL RESORT","NSEI",0
"1328","WHALE PASS (POW - SE)","NSEI",0
"1329","WHITTIER","NSEI",0
"1330","WRANGELL","NSEI",1
"1331","YAKUTAT","NSEI",0
"1332","ZACHAR BAY","NSEI",0
"1333","ADAK","NSEO",0
"1334","AFOGNAK","NSEO",0
"1335","AMOOK PASS","NSEO",0
"1336","ANCHOR POINT","NSEO",0
"1337","ANCHOR RIVER","NSEO",0
"1338","ANGOON","NSEO",0
"1339","ANTON LARSEN BAY","NSEO",0
"1340","APPLE ISLAND","NSEO",0
"1341","AUKE BAY","NSEO",0
"1342","BABE ISLANDS LODGE","NSEO",0
"1343","BARANOF","NSEO",0
"1344","BARTLETT COVE","NSEO",3
"1345","CANNERY COVE","NSEO",0
"1346","CEDARS LODGE","NSEO",0
"1347","CLOVER BAY","NSEO",0
"1348","CLOVER PASS","NSEO",0
"1349","COFFMAN COVE","NSEO",0
"1350","CORDOVA","NSEO",0
"1351","CRAIG","NSEO",0
"1352","DEEP CREEK","NSEO",0
"1353","DOUGLAS","NSEO",0
"1354","DOVE ISLAND LODGE","NSEO",0
"1355","EL CAPITAN LODGE","NSEO",0
"1356","ELFIN COVE","NSEO",666
"1357","FIREWEED LODGE","NSEO",0
"1358","FISHERMANS BEND","NSEO",0
"1359","GULL COVE","NSEO",2
"1360","GUSTAVUS","NSEO",174
"1361","HAINES","NSEO",0
"1362","HALIBUT COVE","NSEO",0
"1363","HAPPY VALLEY","NSEO",0
"1364","HOMER","NSEO",0
"1365","HOONAH","NSEO",1
"1366","ICY BAY LODGE","NSEO",0
"1367","IRON CREEK","NSEO",0
"1368","JUNEAU","NSEO",0
"1369","KAKE","NSEO",0
"1370","KELP BAY","NSEO",0
"1371","KETCHIKAN","NSEO",0
"1372","KHAZ BAY","NSEO",23
"1373","KILIUDA BAY","NSEO",0
"1374","KILLISNOO","NSEO",0
"1375","KLAWOCK","NSEO",0
"1376","KNUDSON COVE","NSEO",0
"1377","KODIAK","NSEO",0
"1378","LARSEN BAY","NSEO",0
"1379","LOWELL POINT","NSEO",0
"1380","MEYERS CHUCK","NSEO",0
"1381","MORNE ISLAND","NSEO",0
"1382","MOTHER SHIP","NSEO",2
"1383","MOTHERSHIP","NSEO",0
"1384","MOTHERSHIP- LISERON","NSEO",0
"1385","MOTHERSHIP-LISERON","NSEO",0
"1386","NAKALILOK BAY","NSEO",0
"1387","NARROWS INN","NSEO",0
"1388","NAUKATI","NSEO",0
"1389","NINILCHIK","NSEO",0
"1390","NORTH DOUGLAS","NSEO",0
"1391","OLD HARBOR","NSEO",0
"1392","ORCA POINT LODGE","NSEO",0
"1393","ORR ISLAND","NSEO",0
"1394","OTTER COVE","NSEO",0
"1395","PARKS CANNERY","NSEO",0
"1396","PELICAN","NSEO",822
"1397","PETERSBURG","NSEO",0
"1398","POINT BAKER","NSEO",0
"1399","PORT ALEXANDER","NSEO",0
"1400","PORT ASHTON","NSEO",0
"1401","PORT LIONS","NSEO",0
"1402","PORT PROTECTION","NSEO",0
"1403","PORT ST NICHOLAS","NSEO",0
"1404","PORT WAKEFIELD","NSEO",0
"1405","PYBUS BAY","NSEO",0
"1406","PYBUS POINT LODGE","NSEO",0
"1407","RASPBERRY ISLAND","NSEO",0
"1408","REFUGE COVE","NSEO",0
"1409","SALMON FALLS","NSEO",0
"1410","SALMON FALLS RESORT","NSEO",0
"1411","SALTERY COVE (SC)","NSEO",0
"1412","SEA OTTER SOUND","NSEO",0
"1413","SEAL BAY (SC)","NSEO",0
"1414","SEALING COVE","NSEO",0
"1415","SELDOVIA","NSEO",0
"1416","SEWARD","NSEO",0
"1417","SILVER KING LODGE","NSEO",0
"1418","SILVER SALMON","NSEO",0
"1419","SILVER SALMON CREEK","NSEO",0
"1420","SITKA","NSEO",37
"1421","SITKOH BAY","NSEO",0
"1422","SKAGWAY","NSEO",0
"1423","SPORTSMAN COVE","NSEO",0
"1424","ST HERMAN HARBOR","NSEO",0
"1425","STEAMBOAT BAY","NSEO",0
"1426","SUNNYSIDE","NSEO",38
"1427","TENAKEE","NSEO",0
"1428","THORNE BAY","NSEO",0
"1429","TUTKA BAY","NSEO",0
"1430","UGAK BAY","NSEO",0
"1431","UGANIK BAY","NSEO",0
"1432","UYAK BAY","NSEO",0
"1433","VALDEZ","NSEO",0
"1434","WADLEIGH ISLAND","NSEO",0
"1435","WARD COVE","NSEO",0
"1436","WARM SPRINGS BAY","NSEO",0
"1437","WATERFALL","NSEO",0
"1438","WATERFALL RESORT","NSEO",0
"1439","WHALE PASS (POW - SE)","NSEO",0
"1440","WHITTIER","NSEO",0
"1441","WRANGELL","NSEO",0
"1442","YAKUTAT","NSEO",0
"1443","ZACHAR BAY","NSEO",0
"1444","ADAK","PWSI",0
"1445","AFOGNAK","PWSI",0
"1446","AMOOK PASS","PWSI",0
"1447","ANCHOR POINT","PWSI",0
"1448","ANCHOR RIVER","PWSI",0
"1449","ANGOON","PWSI",0
"1450","ANTON LARSEN BAY","PWSI",0
"1451","APPLE ISLAND","PWSI",0
"1452","AUKE BAY","PWSI",0
"1453","BABE ISLANDS LODGE","PWSI",0
"1454","BARANOF","PWSI",0
"1455","BARTLETT COVE","PWSI",0
"1456","CANNERY COVE","PWSI",0
"1457","CEDARS LODGE","PWSI",0
"1458","CLOVER BAY","PWSI",0
"1459","CLOVER PASS","PWSI",0
"1460","COFFMAN COVE","PWSI",0
"1461","CORDOVA","PWSI",107
"1462","CRAIG","PWSI",0
"1463","DEEP CREEK","PWSI",0
"1464","DOUGLAS","PWSI",0
"1465","DOVE ISLAND LODGE","PWSI",0
"1466","EL CAPITAN LODGE","PWSI",0
"1467","ELFIN COVE","PWSI",0
"1468","FIREWEED LODGE","PWSI",0
"1469","FISHERMANS BEND","PWSI",0
"1470","GULL COVE","PWSI",0
"1471","GUSTAVUS","PWSI",0
"1472","HAINES","PWSI",0
"1473","HALIBUT COVE","PWSI",0
"1474","HAPPY VALLEY","PWSI",0
"1475","HOMER","PWSI",0
"1476","HOONAH","PWSI",0
"1477","ICY BAY LODGE","PWSI",0
"1478","IRON CREEK","PWSI",0
"1479","JUNEAU","PWSI",0
"1480","KAKE","PWSI",0
"1481","KELP BAY","PWSI",0
"1482","KETCHIKAN","PWSI",0
"1483","KHAZ BAY","PWSI",0
"1484","KILIUDA BAY","PWSI",0
"1485","KILLISNOO","PWSI",0
"1486","KLAWOCK","PWSI",0
"1487","KNUDSON COVE","PWSI",0
"1488","KODIAK","PWSI",0
"1489","LARSEN BAY","PWSI",0
"1490","LOWELL POINT","PWSI",4
"1491","MEYERS CHUCK","PWSI",0
"1492","MORNE ISLAND","PWSI",0
"1493","MOTHER SHIP","PWSI",0
"1494","MOTHERSHIP","PWSI",0
"1495","MOTHERSHIP- LISERON","PWSI",0
"1496","MOTHERSHIP-LISERON","PWSI",0
"1497","NAKALILOK BAY","PWSI",0
"1498","NARROWS INN","PWSI",0
"1499","NAUKATI","PWSI",0
"1500","NINILCHIK","PWSI",0
"1501","NORTH DOUGLAS","PWSI",0
"1502","OLD HARBOR","PWSI",0
"1503","ORCA POINT LODGE","PWSI",0
"1504","ORR ISLAND","PWSI",0
"1505","OTTER COVE","PWSI",0
"1506","PARKS CANNERY","PWSI",0
"1507","PELICAN","PWSI",0
"1508","PETERSBURG","PWSI",0
"1509","POINT BAKER","PWSI",0
"1510","PORT ALEXANDER","PWSI",0
"1511","PORT ASHTON","PWSI",7
"1512","PORT LIONS","PWSI",0
"1513","PORT PROTECTION","PWSI",0
"1514","PORT ST NICHOLAS","PWSI",0
"1515","PORT WAKEFIELD","PWSI",0
"1516","PYBUS BAY","PWSI",0
"1517","PYBUS POINT LODGE","PWSI",0
"1518","RASPBERRY ISLAND","PWSI",0
"1519","REFUGE COVE","PWSI",0
"1520","SALMON FALLS","PWSI",0
"1521","SALMON FALLS RESORT","PWSI",0
"1522","SALTERY COVE (SC)","PWSI",0
"1523","SEA OTTER SOUND","PWSI",0
"1524","SEAL BAY (SC)","PWSI",0
"1525","SEALING COVE","PWSI",0
"1526","SELDOVIA","PWSI",0
"1527","SEWARD","PWSI",253
"1528","SILVER KING LODGE","PWSI",0
"1529","SILVER SALMON","PWSI",0
"1530","SILVER SALMON CREEK","PWSI",0
"1531","SITKA","PWSI",0
"1532","SITKOH BAY","PWSI",0
"1533","SKAGWAY","PWSI",0
"1534","SPORTSMAN COVE","PWSI",0
"1535","ST HERMAN HARBOR","PWSI",0
"1536","STEAMBOAT BAY","PWSI",0
"1537","SUNNYSIDE","PWSI",0
"1538","TENAKEE","PWSI",0
"1539","THORNE BAY","PWSI",0
"1540","TUTKA BAY","PWSI",0
"1541","UGAK BAY","PWSI",0
"1542","UGANIK BAY","PWSI",0
"1543","UYAK BAY","PWSI",0
"1544","VALDEZ","PWSI",361
"1545","WADLEIGH ISLAND","PWSI",0
"1546","WARD COVE","PWSI",0
"1547","WARM SPRINGS BAY","PWSI",0
"1548","WATERFALL","PWSI",0
"1549","WATERFALL RESORT","PWSI",0
"1550","WHALE PASS (POW - SE)","PWSI",0
"1551","WHITTIER","PWSI",758
"1552","WRANGELL","PWSI",0
"1553","YAKUTAT","PWSI",0
"1554","ZACHAR BAY","PWSI",0
"1555","ADAK","PWSO",0
"1556","AFOGNAK","PWSO",0
"1557","AMOOK PASS","PWSO",0
"1558","ANCHOR POINT","PWSO",0
"1559","ANCHOR RIVER","PWSO",0
"1560","ANGOON","PWSO",0
"1561","ANTON LARSEN BAY","PWSO",0
"1562","APPLE ISLAND","PWSO",0
"1563","AUKE BAY","PWSO",0
"1564","BABE ISLANDS LODGE","PWSO",0
"1565","BARANOF","PWSO",0
"1566","BARTLETT COVE","PWSO",0
"1567","CANNERY COVE","PWSO",0
"1568","CEDARS LODGE","PWSO",0
"1569","CLOVER BAY","PWSO",0
"1570","CLOVER PASS","PWSO",0
"1571","COFFMAN COVE","PWSO",0
"1572","CORDOVA","PWSO",13
"1573","CRAIG","PWSO",0
"1574","DEEP CREEK","PWSO",0
"1575","DOUGLAS","PWSO",0
"1576","DOVE ISLAND LODGE","PWSO",0
"1577","EL CAPITAN LODGE","PWSO",0
"1578","ELFIN COVE","PWSO",0
"1579","FIREWEED LODGE","PWSO",0
"1580","FISHERMANS BEND","PWSO",0
"1581","GULL COVE","PWSO",0
"1582","GUSTAVUS","PWSO",0
"1583","HAINES","PWSO",0
"1584","HALIBUT COVE","PWSO",0
"1585","HAPPY VALLEY","PWSO",0
"1586","HOMER","PWSO",0
"1587","HOONAH","PWSO",0
"1588","ICY BAY LODGE","PWSO",0
"1589","IRON CREEK","PWSO",0
"1590","JUNEAU","PWSO",0
"1591","KAKE","PWSO",0
"1592","KELP BAY","PWSO",0
"1593","KETCHIKAN","PWSO",0
"1594","KHAZ BAY","PWSO",0
"1595","KILIUDA BAY","PWSO",0
"1596","KILLISNOO","PWSO",0
"1597","KLAWOCK","PWSO",0
"1598","KNUDSON COVE","PWSO",0
"1599","KODIAK","PWSO",0
"1600","LARSEN BAY","PWSO",0
"1601","LOWELL POINT","PWSO",7
"1602","MEYERS CHUCK","PWSO",0
"1603","MORNE ISLAND","PWSO",0
"1604","MOTHER SHIP","PWSO",0
"1605","MOTHERSHIP","PWSO",0
"1606","MOTHERSHIP- LISERON","PWSO",0
"1607","MOTHERSHIP-LISERON","PWSO",0
"1608","NAKALILOK BAY","PWSO",0
"1609","NARROWS INN","PWSO",0
"1610","NAUKATI","PWSO",0
"1611","NINILCHIK","PWSO",0
"1612","NORTH DOUGLAS","PWSO",0
"1613","OLD HARBOR","PWSO",0
"1614","ORCA POINT LODGE","PWSO",0
"1615","ORR ISLAND","PWSO",0
"1616","OTTER COVE","PWSO",0
"1617","PARKS CANNERY","PWSO",0
"1618","PELICAN","PWSO",0
"1619","PETERSBURG","PWSO",0
"1620","POINT BAKER","PWSO",0
"1621","PORT ALEXANDER","PWSO",0
"1622","PORT ASHTON","PWSO",6
"1623","PORT LIONS","PWSO",0
"1624","PORT PROTECTION","PWSO",0
"1625","PORT ST NICHOLAS","PWSO",0
"1626","PORT WAKEFIELD","PWSO",0
"1627","PYBUS BAY","PWSO",0
"1628","PYBUS POINT LODGE","PWSO",0
"1629","RASPBERRY ISLAND","PWSO",0
"1630","REFUGE COVE","PWSO",0
"1631","SALMON FALLS","PWSO",0
"1632","SALMON FALLS RESORT","PWSO",0
"1633","SALTERY COVE (SC)","PWSO",0
"1634","SEA OTTER SOUND","PWSO",0
"1635","SEAL BAY (SC)","PWSO",0
"1636","SEALING COVE","PWSO",0
"1637","SELDOVIA","PWSO",0
"1638","SEWARD","PWSO",1017
"1639","SILVER KING LODGE","PWSO",0
"1640","SILVER SALMON","PWSO",0
"1641","SILVER SALMON CREEK","PWSO",0
"1642","SITKA","PWSO",0
"1643","SITKOH BAY","PWSO",0
"1644","SKAGWAY","PWSO",0
"1645","SPORTSMAN COVE","PWSO",0
"1646","ST HERMAN HARBOR","PWSO",0
"1647","STEAMBOAT BAY","PWSO",0
"1648","SUNNYSIDE","PWSO",0
"1649","TENAKEE","PWSO",0
"1650","THORNE BAY","PWSO",0
"1651","TUTKA BAY","PWSO",0
"1652","UGAK BAY","PWSO",0
"1653","UGANIK BAY","PWSO",0
"1654","UYAK BAY","PWSO",0
"1655","VALDEZ","PWSO",434
"1656","WADLEIGH ISLAND","PWSO",0
"1657","WARD COVE","PWSO",0
"1658","WARM SPRINGS BAY","PWSO",0
"1659","WATERFALL","PWSO",0
"1660","WATERFALL RESORT","PWSO",0
"1661","WHALE PASS (POW - SE)","PWSO",0
"1662","WHITTIER","PWSO",133
"1663","WRANGELL","PWSO",0
"1664","YAKUTAT","PWSO",0
"1665","ZACHAR BAY","PWSO",0
"1666","ADAK","SOUTHEAST",0
"1667","AFOGNAK","SOUTHEAST",0
"1668","AMOOK PASS","SOUTHEAST",0
"1669","ANCHOR POINT","SOUTHEAST",0
"1670","ANCHOR RIVER","SOUTHEAST",0
"1671","ANGOON","SOUTHEAST",0
"1672","ANTON LARSEN BAY","SOUTHEAST",0
"1673","APPLE ISLAND","SOUTHEAST",0
"1674","AUKE BAY","SOUTHEAST",0
"1675","BABE ISLANDS LODGE","SOUTHEAST",0
"1676","BARANOF","SOUTHEAST",0
"1677","BARTLETT COVE","SOUTHEAST",0
"1678","CANNERY COVE","SOUTHEAST",0
"1679","CEDARS LODGE","SOUTHEAST",0
"1680","CLOVER BAY","SOUTHEAST",0
"1681","CLOVER PASS","SOUTHEAST",0
"1682","COFFMAN COVE","SOUTHEAST",0
"1683","CORDOVA","SOUTHEAST",0
"1684","CRAIG","SOUTHEAST",0
"1685","DEEP CREEK","SOUTHEAST",0
"1686","DOUGLAS","SOUTHEAST",0
"1687","DOVE ISLAND LODGE","SOUTHEAST",0
"1688","EL CAPITAN LODGE","SOUTHEAST",0
"1689","ELFIN COVE","SOUTHEAST",0
"1690","FIREWEED LODGE","SOUTHEAST",0
"1691","FISHERMANS BEND","SOUTHEAST",0
"1692","GULL COVE","SOUTHEAST",0
"1693","GUSTAVUS","SOUTHEAST",0
"1694","HAINES","SOUTHEAST",0
"1695","HALIBUT COVE","SOUTHEAST",0
"1696","HAPPY VALLEY","SOUTHEAST",0
"1697","HOMER","SOUTHEAST",0
"1698","HOONAH","SOUTHEAST",0
"1699","ICY BAY LODGE","SOUTHEAST",0
"1700","IRON CREEK","SOUTHEAST",1
"1701","JUNEAU","SOUTHEAST",0
"1702","KAKE","SOUTHEAST",0
"1703","KELP BAY","SOUTHEAST",0
"1704","KETCHIKAN","SOUTHEAST",0
"1705","KHAZ BAY","SOUTHEAST",0
"1706","KILIUDA BAY","SOUTHEAST",1
"1707","KILLISNOO","SOUTHEAST",0
"1708","KLAWOCK","SOUTHEAST",0
"1709","KNUDSON COVE","SOUTHEAST",0
"1710","KODIAK","SOUTHEAST",12
"1711","LARSEN BAY","SOUTHEAST",0
"1712","LOWELL POINT","SOUTHEAST",0
"1713","MEYERS CHUCK","SOUTHEAST",0
"1714","MORNE ISLAND","SOUTHEAST",0
"1715","MOTHER SHIP","SOUTHEAST",0
"1716","MOTHERSHIP","SOUTHEAST",0
"1717","MOTHERSHIP- LISERON","SOUTHEAST",0
"1718","MOTHERSHIP-LISERON","SOUTHEAST",0
"1719","NAKALILOK BAY","SOUTHEAST",0
"1720","NARROWS INN","SOUTHEAST",0
"1721","NAUKATI","SOUTHEAST",0
"1722","NINILCHIK","SOUTHEAST",0
"1723","NORTH DOUGLAS","SOUTHEAST",0
"1724","OLD HARBOR","SOUTHEAST",87
"1725","ORCA POINT LODGE","SOUTHEAST",0
"1726","ORR ISLAND","SOUTHEAST",0
"1727","OTTER COVE","SOUTHEAST",0
"1728","PARKS CANNERY","SOUTHEAST",0
"1729","PELICAN","SOUTHEAST",0
"1730","PETERSBURG","SOUTHEAST",0
"1731","POINT BAKER","SOUTHEAST",0
"1732","PORT ALEXANDER","SOUTHEAST",0
"1733","PORT ASHTON","SOUTHEAST",0
"1734","PORT LIONS","SOUTHEAST",0
"1735","PORT PROTECTION","SOUTHEAST",0
"1736","PORT ST NICHOLAS","SOUTHEAST",0
"1737","PORT WAKEFIELD","SOUTHEAST",0
"1738","PYBUS BAY","SOUTHEAST",0
"1739","PYBUS POINT LODGE","SOUTHEAST",0
"1740","RASPBERRY ISLAND","SOUTHEAST",0
"1741","REFUGE COVE","SOUTHEAST",0
"1742","SALMON FALLS","SOUTHEAST",0
"1743","SALMON FALLS RESORT","SOUTHEAST",0
"1744","SALTERY COVE (SC)","SOUTHEAST",0
"1745","SEA OTTER SOUND","SOUTHEAST",0
"1746","SEAL BAY (SC)","SOUTHEAST",0
"1747","SEALING COVE","SOUTHEAST",0
"1748","SELDOVIA","SOUTHEAST",0
"1749","SEWARD","SOUTHEAST",0
"1750","SILVER KING LODGE","SOUTHEAST",0
"1751","SILVER SALMON","SOUTHEAST",0
"1752","SILVER SALMON CREEK","SOUTHEAST",0
"1753","SITKA","SOUTHEAST",0
"1754","SITKOH BAY","SOUTHEAST",0
"1755","SKAGWAY","SOUTHEAST",0
"1756","SPORTSMAN COVE","SOUTHEAST",0
"1757","ST HERMAN HARBOR","SOUTHEAST",0
"1758","STEAMBOAT BAY","SOUTHEAST",0
"1759","SUNNYSIDE","SOUTHEAST",0
"1760","TENAKEE","SOUTHEAST",0
"1761","THORNE BAY","SOUTHEAST",0
"1762","TUTKA BAY","SOUTHEAST",0
"1763","UGAK BAY","SOUTHEAST",0
"1764","UGANIK BAY","SOUTHEAST",0
"1765","UYAK BAY","SOUTHEAST",0
"1766","VALDEZ","SOUTHEAST",0
"1767","WADLEIGH ISLAND","SOUTHEAST",0
"1768","WARD COVE","SOUTHEAST",0
"1769","WARM SPRINGS BAY","SOUTHEAST",0
"1770","WATERFALL","SOUTHEAST",0
"1771","WATERFALL RESORT","SOUTHEAST",0
"1772","WHALE PASS (POW - SE)","SOUTHEAST",0
"1773","WHITTIER","SOUTHEAST",0
"1774","WRANGELL","SOUTHEAST",0
"1775","YAKUTAT","SOUTHEAST",0
"1776","ZACHAR BAY","SOUTHEAST",0
"1777","ADAK","SOUTHWEST",0
"1778","AFOGNAK","SOUTHWEST",0
"1779","AMOOK PASS","SOUTHWEST",0
"1780","ANCHOR POINT","SOUTHWEST",0
"1781","ANCHOR RIVER","SOUTHWEST",0
"1782","ANGOON","SOUTHWEST",0
"1783","ANTON LARSEN BAY","SOUTHWEST",0
"1784","APPLE ISLAND","SOUTHWEST",0
"1785","AUKE BAY","SOUTHWEST",0
"1786","BABE ISLANDS LODGE","SOUTHWEST",0
"1787","BARANOF","SOUTHWEST",0
"1788","BARTLETT COVE","SOUTHWEST",0
"1789","CANNERY COVE","SOUTHWEST",0
"1790","CEDARS LODGE","SOUTHWEST",0
"1791","CLOVER BAY","SOUTHWEST",0
"1792","CLOVER PASS","SOUTHWEST",0
"1793","COFFMAN COVE","SOUTHWEST",0
"1794","CORDOVA","SOUTHWEST",0
"1795","CRAIG","SOUTHWEST",0
"1796","DEEP CREEK","SOUTHWEST",0
"1797","DOUGLAS","SOUTHWEST",0
"1798","DOVE ISLAND LODGE","SOUTHWEST",0
"1799","EL CAPITAN LODGE","SOUTHWEST",0
"1800","ELFIN COVE","SOUTHWEST",0
"1801","FIREWEED LODGE","SOUTHWEST",0
"1802","FISHERMANS BEND","SOUTHWEST",0
"1803","GULL COVE","SOUTHWEST",0
"1804","GUSTAVUS","SOUTHWEST",0
"1805","HAINES","SOUTHWEST",0
"1806","HALIBUT COVE","SOUTHWEST",0
"1807","HAPPY VALLEY","SOUTHWEST",0
"1808","HOMER","SOUTHWEST",0
"1809","HOONAH","SOUTHWEST",0
"1810","ICY BAY LODGE","SOUTHWEST",0
"1811","IRON CREEK","SOUTHWEST",0
"1812","JUNEAU","SOUTHWEST",0
"1813","KAKE","SOUTHWEST",0
"1814","KELP BAY","SOUTHWEST",0
"1815","KETCHIKAN","SOUTHWEST",0
"1816","KHAZ BAY","SOUTHWEST",0
"1817","KILIUDA BAY","SOUTHWEST",0
"1818","KILLISNOO","SOUTHWEST",0
"1819","KLAWOCK","SOUTHWEST",0
"1820","KNUDSON COVE","SOUTHWEST",0
"1821","KODIAK","SOUTHWEST",0
"1822","LARSEN BAY","SOUTHWEST",0
"1823","LOWELL POINT","SOUTHWEST",0
"1824","MEYERS CHUCK","SOUTHWEST",0
"1825","MORNE ISLAND","SOUTHWEST",0
"1826","MOTHER SHIP","SOUTHWEST",0
"1827","MOTHERSHIP","SOUTHWEST",0
"1828","MOTHERSHIP- LISERON","SOUTHWEST",0
"1829","MOTHERSHIP-LISERON","SOUTHWEST",0
"1830","NAKALILOK BAY","SOUTHWEST",5
"1831","NARROWS INN","SOUTHWEST",0
"1832","NAUKATI","SOUTHWEST",0
"1833","NINILCHIK","SOUTHWEST",0
"1834","NORTH DOUGLAS","SOUTHWEST",0
"1835","OLD HARBOR","SOUTHWEST",1
"1836","ORCA POINT LODGE","SOUTHWEST",0
"1837","ORR ISLAND","SOUTHWEST",0
"1838","OTTER COVE","SOUTHWEST",0
"1839","PARKS CANNERY","SOUTHWEST",0
"1840","PELICAN","SOUTHWEST",0
"1841","PETERSBURG","SOUTHWEST",0
"1842","POINT BAKER","SOUTHWEST",0
"1843","PORT ALEXANDER","SOUTHWEST",0
"1844","PORT ASHTON","SOUTHWEST",0
"1845","PORT LIONS","SOUTHWEST",0
"1846","PORT PROTECTION","SOUTHWEST",0
"1847","PORT ST NICHOLAS","SOUTHWEST",0
"1848","PORT WAKEFIELD","SOUTHWEST",0
"1849","PYBUS BAY","SOUTHWEST",0
"1850","PYBUS POINT LODGE","SOUTHWEST",0
"1851","RASPBERRY ISLAND","SOUTHWEST",0
"1852","REFUGE COVE","SOUTHWEST",0
"1853","SALMON FALLS","SOUTHWEST",0
"1854","SALMON FALLS RESORT","SOUTHWEST",0
"1855","SALTERY COVE (SC)","SOUTHWEST",0
"1856","SEA OTTER SOUND","SOUTHWEST",0
"1857","SEAL BAY (SC)","SOUTHWEST",0
"1858","SEALING COVE","SOUTHWEST",0
"1859","SELDOVIA","SOUTHWEST",0
"1860","SEWARD","SOUTHWEST",0
"1861","SILVER KING LODGE","SOUTHWEST",0
"1862","SILVER SALMON","SOUTHWEST",0
"1863","SILVER SALMON CREEK","SOUTHWEST",0
"1864","SITKA","SOUTHWEST",0
"1865","SITKOH BAY","SOUTHWEST",0
"1866","SKAGWAY","SOUTHWEST",0
"1867","SPORTSMAN COVE","SOUTHWEST",0
"1868","ST HERMAN HARBOR","SOUTHWEST",0
"1869","STEAMBOAT BAY","SOUTHWEST",0
"1870","SUNNYSIDE","SOUTHWEST",0
"1871","TENAKEE","SOUTHWEST",0
"1872","THORNE BAY","SOUTHWEST",0
"1873","TUTKA BAY","SOUTHWEST",0
"1874","UGAK BAY","SOUTHWEST",0
"1875","UGANIK BAY","SOUTHWEST",0
"1876","UYAK BAY","SOUTHWEST",0
"1877","VALDEZ","SOUTHWEST",0
"1878","WADLEIGH ISLAND","SOUTHWEST",0
"1879","WARD COVE","SOUTHWEST",0
"1880","WARM SPRINGS BAY","SOUTHWEST",0
"1881","WATERFALL","SOUTHWEST",0
"1882","WATERFALL RESORT","SOUTHWEST",0
"1883","WHALE PASS (POW - SE)","SOUTHWEST",0
"1884","WHITTIER","SOUTHWEST",0
"1885","WRANGELL","SOUTHWEST",0
"1886","YAKUTAT","SOUTHWEST",0
"1887","ZACHAR BAY","SOUTHWEST",0
"1888","ADAK","SSEI",0
"1889","AFOGNAK","SSEI",0
"1890","AMOOK PASS","SSEI",0
"1891","ANCHOR POINT","SSEI",0
"1892","ANCHOR RIVER","SSEI",0
"1893","ANGOON","SSEI",0
"1894","ANTON LARSEN BAY","SSEI",0
"1895","APPLE ISLAND","SSEI",0
"1896","AUKE BAY","SSEI",0
"1897","BABE ISLANDS LODGE","SSEI",8
"1898","BARANOF","SSEI",0
"1899","BARTLETT COVE","SSEI",0
"1900","CANNERY COVE","SSEI",0
"1901","CEDARS LODGE","SSEI",41
"1902","CLOVER BAY","SSEI",94
"1903","CLOVER PASS","SSEI",987
"1904","COFFMAN COVE","SSEI",95
"1905","CORDOVA","SSEI",0
"1906","CRAIG","SSEI",673
"1907","DEEP CREEK","SSEI",0
"1908","DOUGLAS","SSEI",0
"1909","DOVE ISLAND LODGE","SSEI",0
"1910","EL CAPITAN LODGE","SSEI",462
"1911","ELFIN COVE","SSEI",0
"1912","FIREWEED LODGE","SSEI",0
"1913","FISHERMANS BEND","SSEI",0
"1914","GULL COVE","SSEI",0
"1915","GUSTAVUS","SSEI",0
"1916","HAINES","SSEI",0
"1917","HALIBUT COVE","SSEI",0
"1918","HAPPY VALLEY","SSEI",0
"1919","HOMER","SSEI",0
"1920","HOONAH","SSEI",0
"1921","ICY BAY LODGE","SSEI",0
"1922","IRON CREEK","SSEI",0
"1923","JUNEAU","SSEI",1
"1924","KAKE","SSEI",1
"1925","KELP BAY","SSEI",0
"1926","KETCHIKAN","SSEI",7484
"1927","KHAZ BAY","SSEI",0
"1928","KILIUDA BAY","SSEI",0
"1929","KILLISNOO","SSEI",0
"1930","KLAWOCK","SSEI",29
"1931","KNUDSON COVE","SSEI",1831
"1932","KODIAK","SSEI",0
"1933","LARSEN BAY","SSEI",0
"1934","LOWELL POINT","SSEI",0
"1935","MEYERS CHUCK","SSEI",1
"1936","MORNE ISLAND","SSEI",0
"1937","MOTHER SHIP","SSEI",1
"1938","MOTHERSHIP","SSEI",2
"1939","MOTHERSHIP- LISERON","SSEI",0
"1940","MOTHERSHIP-LISERON","SSEI",0
"1941","NAKALILOK BAY","SSEI",0
"1942","NARROWS INN","SSEI",37
"1943","NAUKATI","SSEI",36
"1944","NINILCHIK","SSEI",0
"1945","NORTH DOUGLAS","SSEI",0
"1946","OLD HARBOR","SSEI",0
"1947","ORCA POINT LODGE","SSEI",0
"1948","ORR ISLAND","SSEI",28
"1949","OTTER COVE","SSEI",0
"1950","PARKS CANNERY","SSEI",0
"1951","PELICAN","SSEI",0
"1952","PETERSBURG","SSEI",331
"1953","POINT BAKER","SSEI",17
"1954","PORT ALEXANDER","SSEI",0
"1955","PORT ASHTON","SSEI",0
"1956","PORT LIONS","SSEI",0
"1957","PORT PROTECTION","SSEI",48
"1958","PORT ST NICHOLAS","SSEI",43
"1959","PORT WAKEFIELD","SSEI",0
"1960","PYBUS BAY","SSEI",0
"1961","PYBUS POINT LODGE","SSEI",1
"1962","RASPBERRY ISLAND","SSEI",0
"1963","REFUGE COVE","SSEI",1
"1964","SALMON FALLS","SSEI",649
"1965","SALMON FALLS RESORT","SSEI",2
"1966","SALTERY COVE (SC)","SSEI",0
"1967","SEA OTTER SOUND","SSEI",23
"1968","SEAL BAY (SC)","SSEI",0
"1969","SEALING COVE","SSEI",0
"1970","SELDOVIA","SSEI",0
"1971","SEWARD","SSEI",0
"1972","SILVER KING LODGE","SSEI",6
"1973","SILVER SALMON","SSEI",0
"1974","SILVER SALMON CREEK","SSEI",0
"1975","SITKA","SSEI",5
"1976","SITKOH BAY","SSEI",0
"1977","SKAGWAY","SSEI",0
"1978","SPORTSMAN COVE","SSEI",384
"1979","ST HERMAN HARBOR","SSEI",0
"1980","STEAMBOAT BAY","SSEI",5
"1981","SUNNYSIDE","SSEI",0
"1982","TENAKEE","SSEI",0
"1983","THORNE BAY","SSEI",516
"1984","TUTKA BAY","SSEI",0
"1985","UGAK BAY","SSEI",0
"1986","UGANIK BAY","SSEI",0
"1987","UYAK BAY","SSEI",0
"1988","VALDEZ","SSEI",0
"1989","WADLEIGH ISLAND","SSEI",75
"1990","WARD COVE","SSEI",50
"1991","WARM SPRINGS BAY","SSEI",0
"1992","WATERFALL","SSEI",351
"1993","WATERFALL RESORT","SSEI",2
"1994","WHALE PASS (POW - SE)","SSEI",94
"1995","WHITTIER","SSEI",0
"1996","WRANGELL","SSEI",126
"1997","YAKUTAT","SSEI",0
"1998","ZACHAR BAY","SSEI",0
"1999","ADAK","SSEO",0
"2000","AFOGNAK","SSEO",0
"2001","AMOOK PASS","SSEO",0
"2002","ANCHOR POINT","SSEO",0
"2003","ANCHOR RIVER","SSEO",0
"2004","ANGOON","SSEO",0
"2005","ANTON LARSEN BAY","SSEO",0
"2006","APPLE ISLAND","SSEO",0
"2007","AUKE BAY","SSEO",0
"2008","BABE ISLANDS LODGE","SSEO",0
"2009","BARANOF","SSEO",0
"2010","BARTLETT COVE","SSEO",0
"2011","CANNERY COVE","SSEO",0
"2012","CEDARS LODGE","SSEO",0
"2013","CLOVER BAY","SSEO",0
"2014","CLOVER PASS","SSEO",0
"2015","COFFMAN COVE","SSEO",0
"2016","CORDOVA","SSEO",0
"2017","CRAIG","SSEO",1910
"2018","DEEP CREEK","SSEO",0
"2019","DOUGLAS","SSEO",0
"2020","DOVE ISLAND LODGE","SSEO",0
"2021","EL CAPITAN LODGE","SSEO",1
"2022","ELFIN COVE","SSEO",0
"2023","FIREWEED LODGE","SSEO",50
"2024","FISHERMANS BEND","SSEO",0
"2025","GULL COVE","SSEO",0
"2026","GUSTAVUS","SSEO",0
"2027","HAINES","SSEO",0
"2028","HALIBUT COVE","SSEO",0
"2029","HAPPY VALLEY","SSEO",0
"2030","HOMER","SSEO",0
"2031","HOONAH","SSEO",0
"2032","ICY BAY LODGE","SSEO",0
"2033","IRON CREEK","SSEO",0
"2034","JUNEAU","SSEO",0
"2035","KAKE","SSEO",0
"2036","KELP BAY","SSEO",0
"2037","KETCHIKAN","SSEO",3
"2038","KHAZ BAY","SSEO",0
"2039","KILIUDA BAY","SSEO",0
"2040","KILLISNOO","SSEO",0
"2041","KLAWOCK","SSEO",621
"2042","KNUDSON COVE","SSEO",0
"2043","KODIAK","SSEO",0
"2044","LARSEN BAY","SSEO",0
"2045","LOWELL POINT","SSEO",0
"2046","MEYERS CHUCK","SSEO",0
"2047","MORNE ISLAND","SSEO",0
"2048","MOTHER SHIP","SSEO",0
"2049","MOTHERSHIP","SSEO",0
"2050","MOTHERSHIP- LISERON","SSEO",0
"2051","MOTHERSHIP-LISERON","SSEO",0
"2052","NAKALILOK BAY","SSEO",0
"2053","NARROWS INN","SSEO",0
"2054","NAUKATI","SSEO",0
"2055","NINILCHIK","SSEO",0
"2056","NORTH DOUGLAS","SSEO",0
"2057","OLD HARBOR","SSEO",0
"2058","ORCA POINT LODGE","SSEO",0
"2059","ORR ISLAND","SSEO",0
"2060","OTTER COVE","SSEO",0
"2061","PARKS CANNERY","SSEO",0
"2062","PELICAN","SSEO",0
"2063","PETERSBURG","SSEO",4
"2064","POINT BAKER","SSEO",0
"2065","PORT ALEXANDER","SSEO",0
"2066","PORT ASHTON","SSEO",0
"2067","PORT LIONS","SSEO",0
"2068","PORT PROTECTION","SSEO",0
"2069","PORT ST NICHOLAS","SSEO",83
"2070","PORT WAKEFIELD","SSEO",0
"2071","PYBUS BAY","SSEO",0
"2072","PYBUS POINT LODGE","SSEO",0
"2073","RASPBERRY ISLAND","SSEO",0
"2074","REFUGE COVE","SSEO",0
"2075","SALMON FALLS","SSEO",0
"2076","SALMON FALLS RESORT","SSEO",0
"2077","SALTERY COVE (SC)","SSEO",0
"2078","SEA OTTER SOUND","SSEO",0
"2079","SEAL BAY (SC)","SSEO",0
"2080","SEALING COVE","SSEO",0
"2081","SELDOVIA","SSEO",0
"2082","SEWARD","SSEO",0
"2083","SILVER KING LODGE","SSEO",0
"2084","SILVER SALMON","SSEO",0
"2085","SILVER SALMON CREEK","SSEO",0
"2086","SITKA","SSEO",0
"2087","SITKOH BAY","SSEO",0
"2088","SKAGWAY","SSEO",0
"2089","SPORTSMAN COVE","SSEO",0
"2090","ST HERMAN HARBOR","SSEO",0
"2091","STEAMBOAT BAY","SSEO",448
"2092","SUNNYSIDE","SSEO",0
"2093","TENAKEE","SSEO",0
"2094","THORNE BAY","SSEO",0
"2095","TUTKA BAY","SSEO",0
"2096","UGAK BAY","SSEO",0
"2097","UGANIK BAY","SSEO",0
"2098","UYAK BAY","SSEO",0
"2099","VALDEZ","SSEO",0
"2100","WADLEIGH ISLAND","SSEO",9
"2101","WARD COVE","SSEO",0
"2102","WARM SPRINGS BAY","SSEO",0
"2103","WATERFALL","SSEO",1800
"2104","WATERFALL RESORT","SSEO",86
"2105","WHALE PASS (POW - SE)","SSEO",0
"2106","WHITTIER","SSEO",0
"2107","WRANGELL","SSEO",0
"2108","YAKUTAT","SSEO",0
"2109","ZACHAR BAY","SSEO",0
"2110","ADAK","WESTSIDE",0
"2111","AFOGNAK","WESTSIDE",0
"2112","AMOOK PASS","WESTSIDE",33
"2113","ANCHOR POINT","WESTSIDE",0
"2114","ANCHOR RIVER","WESTSIDE",0
"2115","ANGOON","WESTSIDE",0
"2116","ANTON LARSEN BAY","WESTSIDE",0
"2117","APPLE ISLAND","WESTSIDE",0
"2118","AUKE BAY","WESTSIDE",0
"2119","BABE ISLANDS LODGE","WESTSIDE",0
"2120","BARANOF","WESTSIDE",0
"2121","BARTLETT COVE","WESTSIDE",0
"2122","CANNERY COVE","WESTSIDE",0
"2123","CEDARS LODGE","WESTSIDE",0
"2124","CLOVER BAY","WESTSIDE",0
"2125","CLOVER PASS","WESTSIDE",0
"2126","COFFMAN COVE","WESTSIDE",0
"2127","CORDOVA","WESTSIDE",0
"2128","CRAIG","WESTSIDE",0
"2129","DEEP CREEK","WESTSIDE",0
"2130","DOUGLAS","WESTSIDE",0
"2131","DOVE ISLAND LODGE","WESTSIDE",0
"2132","EL CAPITAN LODGE","WESTSIDE",0
"2133","ELFIN COVE","WESTSIDE",0
"2134","FIREWEED LODGE","WESTSIDE",0
"2135","FISHERMANS BEND","WESTSIDE",0
"2136","GULL COVE","WESTSIDE",0
"2137","GUSTAVUS","WESTSIDE",0
"2138","HAINES","WESTSIDE",0
"2139","HALIBUT COVE","WESTSIDE",0
"2140","HAPPY VALLEY","WESTSIDE",0
"2141","HOMER","WESTSIDE",0
"2142","HOONAH","WESTSIDE",0
"2143","ICY BAY LODGE","WESTSIDE",0
"2144","IRON CREEK","WESTSIDE",3
"2145","JUNEAU","WESTSIDE",0
"2146","KAKE","WESTSIDE",0
"2147","KELP BAY","WESTSIDE",0
"2148","KETCHIKAN","WESTSIDE",0
"2149","KHAZ BAY","WESTSIDE",0
"2150","KILIUDA BAY","WESTSIDE",0
"2151","KILLISNOO","WESTSIDE",0
"2152","KLAWOCK","WESTSIDE",0
"2153","KNUDSON COVE","WESTSIDE",0
"2154","KODIAK","WESTSIDE",38
"2155","LARSEN BAY","WESTSIDE",821
"2156","LOWELL POINT","WESTSIDE",0
"2157","MEYERS CHUCK","WESTSIDE",0
"2158","MORNE ISLAND","WESTSIDE",0
"2159","MOTHER SHIP","WESTSIDE",0
"2160","MOTHERSHIP","WESTSIDE",0
"2161","MOTHERSHIP- LISERON","WESTSIDE",0
"2162","MOTHERSHIP-LISERON","WESTSIDE",0
"2163","NAKALILOK BAY","WESTSIDE",0
"2164","NARROWS INN","WESTSIDE",0
"2165","NAUKATI","WESTSIDE",0
"2166","NINILCHIK","WESTSIDE",0
"2167","NORTH DOUGLAS","WESTSIDE",0
"2168","OLD HARBOR","WESTSIDE",0
"2169","ORCA POINT LODGE","WESTSIDE",0
"2170","ORR ISLAND","WESTSIDE",0
"2171","OTTER COVE","WESTSIDE",0
"2172","PARKS CANNERY","WESTSIDE",22
"2173","PELICAN","WESTSIDE",0
"2174","PETERSBURG","WESTSIDE",0
"2175","POINT BAKER","WESTSIDE",0
"2176","PORT ALEXANDER","WESTSIDE",0
"2177","PORT ASHTON","WESTSIDE",0
"2178","PORT LIONS","WESTSIDE",16
"2179","PORT PROTECTION","WESTSIDE",0
"2180","PORT ST NICHOLAS","WESTSIDE",0
"2181","PORT WAKEFIELD","WESTSIDE",7
"2182","PYBUS BAY","WESTSIDE",0
"2183","PYBUS POINT LODGE","WESTSIDE",0
"2184","RASPBERRY ISLAND","WESTSIDE",8
"2185","REFUGE COVE","WESTSIDE",0
"2186","SALMON FALLS","WESTSIDE",0
"2187","SALMON FALLS RESORT","WESTSIDE",0
"2188","SALTERY COVE (SC)","WESTSIDE",0
"2189","SEA OTTER SOUND","WESTSIDE",0
"2190","SEAL BAY (SC)","WESTSIDE",0
"2191","SEALING COVE","WESTSIDE",0
"2192","SELDOVIA","WESTSIDE",0
"2193","SEWARD","WESTSIDE",0
"2194","SILVER KING LODGE","WESTSIDE",0
"2195","SILVER SALMON","WESTSIDE",0
"2196","SILVER SALMON CREEK","WESTSIDE",0
"2197","SITKA","WESTSIDE",0
"2198","SITKOH BAY","WESTSIDE",0
"2199","SKAGWAY","WESTSIDE",0
"2200","SPORTSMAN COVE","WESTSIDE",0
"2201","ST HERMAN HARBOR","WESTSIDE",0
"2202","STEAMBOAT BAY","WESTSIDE",0
"2203","SUNNYSIDE","WESTSIDE",0
"2204","TENAKEE","WESTSIDE",0
"2205","THORNE BAY","WESTSIDE",0
"2206","TUTKA BAY","WESTSIDE",0
"2207","UGAK BAY","WESTSIDE",0
"2208","UGANIK BAY","WESTSIDE",82
"2209","UYAK BAY","WESTSIDE",2
"2210","VALDEZ","WESTSIDE",0
"2211","WADLEIGH ISLAND","WESTSIDE",0
"2212","WARD COVE","WESTSIDE",0
"2213","WARM SPRINGS BAY","WESTSIDE",0
"2214","WATERFALL","WESTSIDE",0
"2215","WATERFALL RESORT","WESTSIDE",0
"2216","WHALE PASS (POW - SE)","WESTSIDE",0
"2217","WHITTIER","WESTSIDE",0
"2218","WRANGELL","WESTSIDE",0
"2219","YAKUTAT","WESTSIDE",0
"2220","ZACHAR BAY","WESTSIDE",21
"2221","ADAK","ZZZZ",23
"2222","AFOGNAK","ZZZZ",0
"2223","AMOOK PASS","ZZZZ",0
"2224","ANCHOR POINT","ZZZZ",0
"2225","ANCHOR RIVER","ZZZZ",0
"2226","ANGOON","ZZZZ",0
"2227","ANTON LARSEN BAY","ZZZZ",0
"2228","APPLE ISLAND","ZZZZ",0
"2229","AUKE BAY","ZZZZ",0
"2230","BABE ISLANDS LODGE","ZZZZ",0
"2231","BARANOF","ZZZZ",0
"2232","BARTLETT COVE","ZZZZ",0
"2233","CANNERY COVE","ZZZZ",0
"2234","CEDARS LODGE","ZZZZ",0
"2235","CLOVER BAY","ZZZZ",0
"2236","CLOVER PASS","ZZZZ",0
"2237","COFFMAN COVE","ZZZZ",0
"2238","CORDOVA","ZZZZ",0
"2239","CRAIG","ZZZZ",0
"2240","DEEP CREEK","ZZZZ",0
"2241","DOUGLAS","ZZZZ",0
"2242","DOVE ISLAND LODGE","ZZZZ",0
"2243","EL CAPITAN LODGE","ZZZZ",0
"2244","ELFIN COVE","ZZZZ",0
"2245","FIREWEED LODGE","ZZZZ",0
"2246","FISHERMANS BEND","ZZZZ",0
"2247","GULL COVE","ZZZZ",0
"2248","GUSTAVUS","ZZZZ",0
"2249","HAINES","ZZZZ",0
"2250","HALIBUT COVE","ZZZZ",0
"2251","HAPPY VALLEY","ZZZZ",0
"2252","HOMER","ZZZZ",0
"2253","HOONAH","ZZZZ",0
"2254","ICY BAY LODGE","ZZZZ",0
"2255","IRON CREEK","ZZZZ",0
"2256","JUNEAU","ZZZZ",0
"2257","KAKE","ZZZZ",0
"2258","KELP BAY","ZZZZ",0
"2259","KETCHIKAN","ZZZZ",0
"2260","KHAZ BAY","ZZZZ",0
"2261","KILIUDA BAY","ZZZZ",0
"2262","KILLISNOO","ZZZZ",0
"2263","KLAWOCK","ZZZZ",0
"2264","KNUDSON COVE","ZZZZ",0
"2265","KODIAK","ZZZZ",0
"2266","LARSEN BAY","ZZZZ",0
"2267","LOWELL POINT","ZZZZ",0
"2268","MEYERS CHUCK","ZZZZ",0
"2269","MORNE ISLAND","ZZZZ",0
"2270","MOTHER SHIP","ZZZZ",0
"2271","MOTHERSHIP","ZZZZ",0
"2272","MOTHERSHIP- LISERON","ZZZZ",0
"2273","MOTHERSHIP-LISERON","ZZZZ",0
"2274","NAKALILOK BAY","ZZZZ",0
"2275","NARROWS INN","ZZZZ",0
"2276","NAUKATI","ZZZZ",0
"2277","NINILCHIK","ZZZZ",0
"2278","NORTH DOUGLAS","ZZZZ",0
"2279","OLD HARBOR","ZZZZ",0
"2280","ORCA POINT LODGE","ZZZZ",0
"2281","ORR ISLAND","ZZZZ",0
"2282","OTTER COVE","ZZZZ",0
"2283","PARKS CANNERY","ZZZZ",0
"2284","PELICAN","ZZZZ",0
"2285","PETERSBURG","ZZZZ",0
"2286","POINT BAKER","ZZZZ",0
"2287","PORT ALEXANDER","ZZZZ",0
"2288","PORT ASHTON","ZZZZ",0
"2289","PORT LIONS","ZZZZ",0
"2290","PORT PROTECTION","ZZZZ",0
"2291","PORT ST NICHOLAS","ZZZZ",0
"2292","PORT WAKEFIELD","ZZZZ",0
"2293","PYBUS BAY","ZZZZ",0
"2294","PYBUS POINT LODGE","ZZZZ",0
"2295","RASPBERRY ISLAND","ZZZZ",0
"2296","REFUGE COVE","ZZZZ",0
"2297","SALMON FALLS","ZZZZ",0
"2298","SALMON FALLS RESORT","ZZZZ",0
"2299","SALTERY COVE (SC)","ZZZZ",0
"2300","SEA OTTER SOUND","ZZZZ",0
"2301","SEAL BAY (SC)","ZZZZ",0
"2302","SEALING COVE","ZZZZ",0
"2303","SELDOVIA","ZZZZ",0
"2304","SEWARD","ZZZZ",0
"2305","SILVER KING LODGE","ZZZZ",0
"2306","SILVER SALMON","ZZZZ",0
"2307","SILVER SALMON CREEK","ZZZZ",0
"2308","SITKA","ZZZZ",0
"2309","SITKOH BAY","ZZZZ",0
"2310","SKAGWAY","ZZZZ",0
"2311","SPORTSMAN COVE","ZZZZ",0
"2312","ST HERMAN HARBOR","ZZZZ",0
"2313","STEAMBOAT BAY","ZZZZ",0
"2314","SUNNYSIDE","ZZZZ",0
"2315","TENAKEE","ZZZZ",0
"2316","THORNE BAY","ZZZZ",0
"2317","TUTKA BAY","ZZZZ",0
"2318","UGAK BAY","ZZZZ",0
"2319","UGANIK BAY","ZZZZ",0
"2320","UYAK BAY","ZZZZ",0
"2321","VALDEZ","ZZZZ",3
"2322","WADLEIGH ISLAND","ZZZZ",0
"2323","WARD COVE","ZZZZ",0
"2324","WARM SPRINGS BAY","ZZZZ",0
"2325","WATERFALL","ZZZZ",0
"2326","WATERFALL RESORT","ZZZZ",0
"2327","WHALE PASS (POW - SE)","ZZZZ",0
"2328","WHITTIER","ZZZZ",0
"2329","WRANGELL","ZZZZ",0
"2330","YAKUTAT","ZZZZ",0
"2331","ZACHAR BAY","ZZZZ",0
